file_name,hair_color,eyeglasses,smiling,young,human
1.png,1,-1,1,1,-1
2.png,4,-1,1,1,1
3.png,5,-1,1,-1,-1
7.png,2,-1,1,1,-1
8.png,3,-1,1,1,-1
9.png,1,1,1,1,-1
10.png,5,-1,1,-1,-1
12.png,1,-1,1,1,-1
13.png,3,-1,-1,1,1
14.png,4,-1,-1,1,1
16.png,5,1,1,-1,-1
17.png,4,-1,1,1,-1
18.png,4,1,1,1,-1
19.png,4,-1,-1,1,1
20.png,1,-1,-1,1,1
22.png,-1,-1,-1,1,1
23.png,-1,-1,1,1,1
24.png,5,1,1,-1,-1
25.png,1,-1,1,1,-1
26.png,2,-1,1,1,-1
28.png,3,1,1,1,-1
29.png,5,1,1,-1,-1
30.png,1,-1,1,-1,1
31.png,3,-1,-1,1,1
32.png,5,1,1,-1,-1
33.png,-1,-1,-1,1,1
34.png,1,1,1,1,-1
35.png,1,1,1,1,-1
36.png,2,1,1,1,-1
37.png,1,-1,1,1,-1
38.png,-1,-1,1,1,1
39.png,1,-1,1,1,1
40.png,1,-1,1,1,-1
41.png,3,-1,-1,1,1
42.png,-1,-1,1,1,1
43.png,4,-1,-1,1,1
44.png,1,1,1,1,-1
45.png,5,-1,1,-1,-1
46.png,4,1,1,1,-1
47.png,4,-1,1,1,1
48.png,4,-1,1,-1,1
49.png,4,-1,-1,1,1
50.png,4,-1,1,-1,1
51.png,3,-1,-1,1,1
52.png,4,1,1,-1,1
53.png,0,-1,1,1,1
54.png,4,-1,-1,1,1
55.png,1,1,1,1,-1
56.png,4,-1,1,1,1
57.png,3,-1,1,1,-1
59.png,1,1,1,1,-1
60.png,-1,-1,-1,-1,1
61.png,1,1,1,1,-1
62.png,5,-1,1,-1,-1
63.png,-1,-1,1,1,1
64.png,2,1,1,1,-1
65.png,-1,-1,1,-1,1
66.png,1,1,1,1,-1
68.png,4,1,1,1,-1
69.png,1,-1,1,1,-1
70.png,4,-1,-1,1,1
71.png,4,-1,1,1,-1
72.png,-1,-1,-1,-1,1
73.png,4,-1,1,1,-1
74.png,1,1,1,1,-1
75.png,1,1,1,1,-1
76.png,5,-1,1,-1,1
77.png,3,-1,1,1,-1
78.png,2,-1,1,1,-1
79.png,1,-1,1,1,-1
80.png,0,1,1,-1,1
81.png,-1,-1,-1,-1,1
82.png,2,-1,1,1,-1
83.png,2,-1,1,1,-1
84.png,1,1,1,1,-1
85.png,5,-1,1,-1,-1
86.png,3,-1,1,1,1
87.png,3,-1,1,1,1
88.png,4,-1,1,1,1
89.png,-1,-1,1,1,1
90.png,-1,-1,1,1,1
91.png,4,-1,-1,1,1
92.png,1,1,1,1,-1
93.png,4,-1,-1,1,1
94.png,3,-1,1,1,-1
95.png,5,-1,1,-1,-1
96.png,1,-1,1,1,-1
97.png,2,1,1,1,-1
98.png,4,-1,1,1,1
99.png,-1,-1,-1,1,1
100.png,4,-1,1,1,1
101.png,-1,-1,1,1,1
102.png,-1,-1,-1,1,1
103.png,2,-1,1,1,-1
104.png,4,-1,1,1,1
105.png,2,1,1,1,-1
106.png,1,-1,1,1,1
107.png,2,1,1,1,-1
108.png,5,1,1,-1,-1
109.png,2,-1,1,1,-1
110.png,4,-1,1,1,1
111.png,4,-1,1,1,-1
112.png,5,-1,1,-1,-1
113.png,5,1,1,-1,-1
114.png,1,-1,1,1,-1
115.png,4,-1,-1,1,1
116.png,3,-1,1,1,1
117.png,3,1,1,1,-1
118.png,1,1,1,1,-1
119.png,-1,-1,1,1,1
120.png,3,1,1,1,-1
121.png,1,1,1,1,-1
122.png,3,-1,1,1,-1
123.png,2,-1,1,1,-1
124.png,3,1,1,1,-1
126.png,5,1,1,-1,-1
127.png,2,1,1,1,-1
128.png,1,-1,-1,1,1
130.png,4,-1,1,1,-1
131.png,1,-1,1,1,-1
132.png,-1,-1,1,1,1
133.png,3,-1,1,1,-1
134.png,1,-1,1,1,1
135.png,1,1,1,1,-1
136.png,0,-1,1,1,1
137.png,1,-1,1,1,-1
138.png,-1,-1,-1,1,1
139.png,-1,1,-1,1,1
140.png,4,-1,1,1,-1
141.png,5,1,1,-1,-1
142.png,3,1,1,1,-1
143.png,5,-1,1,-1,-1
144.png,3,-1,1,1,1
145.png,2,1,1,1,-1
146.png,3,-1,1,1,-1
147.png,5,-1,-1,-1,1
148.png,2,1,1,1,-1
149.png,4,-1,1,1,-1
150.png,4,1,1,1,-1
152.png,4,1,1,1,-1
153.png,4,-1,1,1,1
154.png,3,-1,1,1,-1
155.png,5,-1,1,-1,-1
156.png,1,-1,1,1,-1
157.png,-1,-1,-1,-1,1
158.png,4,1,1,1,-1
159.png,1,-1,1,1,-1
160.png,4,-1,1,1,1
161.png,3,1,1,1,-1
162.png,3,1,1,1,-1
163.png,3,-1,1,1,-1
164.png,4,1,1,1,-1
165.png,5,1,1,-1,-1
166.png,1,1,1,1,-1
168.png,4,-1,1,1,-1
169.png,3,-1,1,1,-1
170.png,3,-1,-1,1,1
171.png,-1,-1,-1,1,1
172.png,2,-1,1,1,-1
173.png,3,1,-1,-1,1
174.png,4,-1,-1,1,1
176.png,1,-1,1,1,-1
177.png,1,-1,1,-1,1
178.png,4,-1,-1,1,1
179.png,-1,-1,-1,1,1
180.png,5,1,1,-1,-1
181.png,4,-1,-1,1,1
182.png,5,-1,1,-1,-1
183.png,1,-1,1,1,-1
184.png,4,1,1,1,-1
185.png,-1,-1,1,-1,1
186.png,4,-1,1,1,1
187.png,4,1,1,1,-1
188.png,5,-1,1,-1,-1
189.png,-1,-1,-1,-1,1
190.png,-1,1,1,1,1
191.png,-1,-1,-1,1,1
192.png,3,-1,1,1,1
194.png,5,-1,1,-1,-1
195.png,2,1,1,1,-1
196.png,1,-1,1,1,-1
197.png,4,-1,1,1,1
198.png,2,1,1,1,-1
199.png,3,-1,1,1,1
200.png,2,-1,1,1,-1
201.png,4,-1,1,1,1
202.png,-1,-1,-1,1,1
204.png,4,1,1,1,-1
205.png,1,-1,1,1,-1
206.png,-1,-1,1,1,1
208.png,4,-1,-1,1,1
209.png,-1,-1,1,1,1
210.png,4,-1,1,1,1
211.png,1,-1,1,1,-1
212.png,1,-1,1,1,-1
213.png,1,1,1,1,-1
214.png,5,-1,1,-1,-1
215.png,2,1,1,1,-1
216.png,1,-1,1,1,1
217.png,3,1,1,1,-1
218.png,-1,-1,-1,-1,1
219.png,3,1,1,1,-1
221.png,5,1,1,-1,-1
223.png,-1,-1,-1,1,1
224.png,-1,-1,-1,1,1
225.png,0,-1,-1,1,1
226.png,-1,-1,1,1,1
228.png,1,-1,1,1,-1
229.png,3,-1,1,1,1
230.png,1,-1,1,1,-1
231.png,5,-1,1,-1,-1
232.png,3,1,1,1,-1
233.png,4,-1,1,1,1
234.png,1,1,1,1,-1
235.png,1,1,1,1,-1
236.png,4,-1,1,1,1
237.png,1,1,1,1,-1
238.png,3,1,1,1,-1
239.png,4,-1,1,1,-1
240.png,0,-1,1,-1,-1
241.png,3,-1,1,1,-1
242.png,1,1,1,1,-1
243.png,4,-1,-1,1,1
244.png,1,1,-1,1,1
245.png,4,-1,1,1,1
246.png,-1,-1,-1,-1,1
247.png,1,-1,1,1,-1
249.png,2,-1,1,1,-1
250.png,4,-1,-1,1,1
252.png,3,-1,-1,1,1
254.png,4,-1,1,-1,1
255.png,4,1,1,1,-1
256.png,1,-1,1,1,1
257.png,1,-1,1,1,-1
258.png,-1,-1,-1,1,1
259.png,3,-1,-1,1,1
260.png,4,1,1,1,-1
261.png,1,-1,1,1,-1
262.png,3,-1,1,1,1
263.png,1,-1,1,1,-1
264.png,1,-1,-1,1,1
265.png,3,-1,1,1,-1
267.png,-1,-1,1,1,1
268.png,4,1,1,1,-1
269.png,1,-1,-1,1,1
270.png,2,-1,1,1,-1
271.png,1,-1,1,1,-1
272.png,4,-1,1,1,1
273.png,1,1,1,1,-1
274.png,1,-1,1,1,1
275.png,3,-1,1,1,-1
276.png,5,-1,1,-1,-1
277.png,-1,-1,1,-1,1
278.png,4,-1,1,1,-1
279.png,1,-1,-1,1,1
280.png,0,-1,1,-1,1
281.png,3,-1,-1,1,1
282.png,-1,-1,-1,1,1
283.png,2,-1,1,1,-1
284.png,3,-1,-1,1,1
285.png,-1,-1,-1,1,1
286.png,5,1,1,-1,-1
287.png,4,-1,1,1,1
288.png,-1,-1,-1,-1,1
290.png,2,-1,1,1,-1
291.png,0,-1,-1,-1,1
292.png,4,-1,-1,1,1
293.png,5,-1,1,-1,1
294.png,4,-1,1,1,1
295.png,4,-1,1,1,-1
296.png,1,-1,1,1,1
297.png,4,-1,1,1,-1
298.png,3,-1,-1,1,1
299.png,2,1,1,1,-1
300.png,1,-1,1,1,-1
302.png,5,1,1,-1,-1
303.png,2,-1,1,1,-1
304.png,4,-1,-1,1,1
306.png,4,-1,1,1,-1
307.png,4,-1,-1,1,1
308.png,3,-1,1,-1,1
309.png,1,-1,1,1,-1
310.png,5,-1,1,-1,-1
311.png,4,-1,-1,1,1
312.png,1,1,1,1,-1
313.png,5,-1,-1,1,1
314.png,1,-1,1,1,-1
315.png,2,1,1,1,-1
317.png,2,-1,1,1,-1
318.png,3,-1,1,1,-1
319.png,-1,-1,1,1,1
320.png,2,-1,1,1,-1
321.png,3,-1,1,1,-1
322.png,2,-1,1,1,-1
323.png,4,-1,-1,1,1
325.png,1,-1,1,1,1
327.png,2,1,1,1,-1
328.png,4,-1,1,-1,1
329.png,5,-1,1,-1,-1
330.png,4,-1,1,-1,1
331.png,4,-1,1,1,1
332.png,-1,-1,-1,-1,1
333.png,-1,-1,1,1,1
334.png,5,-1,1,-1,-1
335.png,5,-1,1,-1,-1
336.png,3,-1,1,-1,1
337.png,1,-1,1,1,-1
338.png,-1,-1,-1,1,1
339.png,3,1,1,1,-1
340.png,2,1,1,1,-1
342.png,-1,-1,1,1,1
343.png,3,1,1,1,-1
344.png,1,1,1,1,-1
345.png,1,-1,-1,1,1
346.png,4,-1,1,-1,1
347.png,3,1,1,1,-1
348.png,3,-1,-1,1,1
349.png,5,1,1,-1,-1
350.png,4,1,1,1,1
351.png,3,-1,1,1,-1
352.png,4,1,1,1,-1
353.png,3,-1,1,1,-1
354.png,1,-1,1,1,-1
355.png,-1,-1,1,1,1
356.png,1,-1,1,1,-1
357.png,4,-1,1,1,1
360.png,4,-1,-1,1,1
361.png,3,-1,1,1,-1
362.png,3,-1,1,1,-1
363.png,3,-1,1,1,1
365.png,1,-1,1,1,1
366.png,0,-1,-1,1,1
367.png,4,-1,-1,1,1
369.png,4,-1,1,1,-1
370.png,4,-1,-1,1,1
371.png,1,1,1,1,-1
372.png,-1,-1,1,-1,1
373.png,3,-1,-1,1,1
374.png,3,1,1,1,-1
375.png,5,-1,1,-1,-1
376.png,-1,-1,1,1,1
377.png,4,-1,-1,1,1
378.png,3,-1,1,1,1
379.png,4,-1,1,1,-1
380.png,3,-1,1,1,1
381.png,4,-1,1,1,-1
382.png,-1,-1,-1,-1,1
383.png,1,-1,1,1,1
384.png,5,-1,1,-1,-1
385.png,5,1,1,-1,-1
388.png,1,1,1,1,-1
389.png,4,-1,1,1,1
390.png,3,-1,-1,1,1
391.png,2,1,1,1,-1
392.png,4,-1,-1,1,1
394.png,1,-1,-1,1,1
395.png,5,1,1,-1,-1
396.png,3,-1,1,1,1
397.png,4,-1,-1,1,1
398.png,5,1,1,-1,-1
399.png,4,1,1,1,-1
400.png,3,-1,1,1,1
401.png,1,-1,1,-1,1
402.png,3,1,1,1,-1
403.png,1,1,1,1,-1
404.png,3,-1,1,-1,1
405.png,3,1,1,1,-1
406.png,1,-1,1,1,-1
407.png,1,-1,1,1,-1
408.png,3,-1,1,1,-1
409.png,3,-1,1,1,-1
410.png,-1,-1,-1,1,1
411.png,5,-1,1,-1,1
412.png,-1,-1,1,1,1
413.png,3,-1,1,1,-1
414.png,2,-1,1,1,-1
416.png,5,1,1,-1,-1
417.png,3,-1,1,1,1
418.png,1,1,1,1,-1
419.png,5,-1,1,-1,-1
420.png,-1,-1,-1,1,1
421.png,2,-1,1,1,-1
422.png,3,1,1,1,-1
423.png,3,-1,-1,1,1
424.png,3,-1,1,1,1
425.png,4,1,1,1,-1
426.png,-1,-1,1,-1,1
428.png,3,-1,1,1,-1
429.png,1,-1,1,1,-1
430.png,3,-1,1,-1,1
431.png,4,-1,1,1,1
433.png,1,-1,1,1,-1
434.png,2,1,1,1,-1
435.png,2,1,1,1,-1
436.png,-1,-1,-1,1,1
437.png,3,-1,-1,-1,1
438.png,2,1,1,1,-1
439.png,1,-1,-1,1,1
441.png,-1,-1,-1,1,1
442.png,-1,-1,1,1,1
443.png,2,1,1,1,-1
444.png,4,-1,1,1,-1
445.png,3,-1,-1,1,1
446.png,2,-1,1,1,-1
447.png,3,-1,1,1,-1
448.png,3,-1,1,1,1
450.png,-1,-1,1,1,1
451.png,4,1,1,1,-1
453.png,-1,-1,1,1,1
454.png,2,1,1,1,-1
455.png,1,-1,1,1,1
456.png,3,1,1,1,1
457.png,3,-1,-1,1,1
458.png,2,-1,1,1,-1
459.png,5,-1,1,-1,-1
460.png,4,-1,-1,1,1
461.png,3,-1,1,1,1
462.png,3,1,1,1,-1
463.png,3,-1,1,1,1
464.png,4,-1,1,1,1
465.png,4,-1,1,1,1
467.png,3,-1,-1,1,1
468.png,4,1,1,1,-1
469.png,4,-1,-1,1,1
470.png,5,1,1,-1,-1
472.png,5,-1,1,-1,-1
473.png,3,-1,1,1,-1
474.png,-1,-1,-1,1,1
475.png,5,-1,1,-1,-1
476.png,5,-1,1,-1,-1
477.png,1,-1,1,1,-1
478.png,3,-1,1,1,-1
479.png,3,-1,1,1,-1
480.png,1,-1,1,1,1
481.png,3,-1,1,1,-1
482.png,3,1,1,1,-1
483.png,2,-1,1,1,-1
484.png,-1,-1,-1,1,1
485.png,-1,-1,1,1,1
486.png,4,-1,-1,1,1
487.png,2,1,1,1,-1
488.png,1,1,1,1,-1
489.png,5,1,1,-1,-1
490.png,2,1,1,1,-1
491.png,3,1,1,1,-1
492.png,5,1,1,-1,-1
493.png,1,-1,1,1,1
494.png,1,1,1,1,-1
495.png,3,-1,-1,1,1
496.png,3,1,1,1,-1
497.png,3,-1,-1,1,1
498.png,-1,-1,-1,1,1
499.png,4,-1,-1,1,1
500.png,1,-1,1,1,1
501.png,1,-1,-1,1,1
502.png,3,-1,1,1,-1
504.png,3,-1,1,1,-1
505.png,1,1,1,1,-1
506.png,0,-1,1,-1,-1
507.png,3,-1,1,1,1
508.png,4,-1,1,1,-1
509.png,1,1,1,1,-1
510.png,1,-1,1,1,1
513.png,-1,-1,-1,-1,1
514.png,3,1,1,1,-1
515.png,-1,-1,1,-1,1
516.png,3,-1,-1,1,1
518.png,3,-1,1,-1,1
519.png,-1,-1,1,1,1
520.png,5,1,1,-1,-1
521.png,-1,-1,1,1,1
522.png,1,-1,1,1,1
523.png,4,-1,1,1,1
524.png,-1,-1,1,1,1
525.png,1,1,1,1,-1
526.png,1,1,1,1,-1
527.png,4,-1,-1,1,1
528.png,5,1,1,-1,-1
529.png,-1,-1,1,1,1
530.png,-1,-1,1,1,1
531.png,3,1,1,1,-1
532.png,1,-1,1,-1,1
533.png,3,-1,-1,-1,1
534.png,2,1,1,1,-1
535.png,1,-1,1,-1,1
536.png,1,1,1,1,-1
537.png,4,-1,1,1,-1
538.png,3,-1,-1,1,1
540.png,1,1,1,1,-1
541.png,2,-1,1,1,-1
543.png,3,-1,1,1,-1
544.png,4,-1,1,1,-1
545.png,2,1,1,1,-1
546.png,3,-1,-1,1,1
547.png,2,-1,1,1,-1
549.png,4,-1,-1,1,1
550.png,1,-1,1,1,-1
551.png,2,1,1,1,-1
552.png,4,-1,1,-1,1
553.png,2,1,1,1,-1
554.png,5,1,1,-1,-1
555.png,1,-1,1,1,1
556.png,4,-1,-1,1,1
557.png,5,-1,1,-1,-1
558.png,-1,-1,1,1,1
559.png,4,-1,1,1,-1
560.png,-1,1,-1,-1,1
561.png,5,1,1,-1,-1
562.png,2,-1,1,1,-1
563.png,0,-1,1,-1,-1
564.png,4,-1,1,1,-1
565.png,3,1,1,1,-1
566.png,2,-1,1,1,-1
567.png,2,-1,1,1,-1
568.png,5,-1,1,-1,-1
569.png,3,-1,1,1,1
570.png,1,-1,1,1,-1
571.png,5,-1,1,-1,-1
572.png,1,1,1,1,-1
573.png,3,-1,1,1,1
576.png,4,1,1,1,-1
577.png,-1,-1,1,1,1
578.png,3,1,1,1,-1
579.png,4,1,1,1,-1
580.png,-1,-1,-1,1,1
581.png,-1,-1,1,1,1
582.png,-1,-1,1,1,1
583.png,3,-1,1,1,1
584.png,4,-1,1,1,1
585.png,5,1,1,-1,-1
586.png,3,-1,1,1,-1
587.png,-1,-1,-1,1,1
588.png,3,-1,1,1,-1
589.png,-1,-1,1,-1,1
590.png,5,-1,1,-1,-1
591.png,1,1,1,1,-1
592.png,-1,-1,1,1,1
593.png,1,-1,1,1,1
594.png,1,-1,1,1,-1
595.png,1,1,1,1,-1
597.png,-1,-1,-1,1,1
598.png,3,-1,1,1,-1
599.png,-1,-1,-1,1,1
601.png,3,-1,1,1,1
602.png,3,1,-1,1,1
603.png,-1,-1,-1,1,1
604.png,1,-1,1,1,-1
605.png,1,-1,1,1,-1
606.png,2,1,1,1,-1
607.png,5,1,1,-1,-1
608.png,1,-1,1,1,1
609.png,2,-1,1,1,-1
611.png,4,-1,1,1,1
612.png,1,-1,1,1,1
613.png,3,-1,1,1,1
614.png,4,-1,1,1,1
615.png,-1,-1,-1,1,1
616.png,4,-1,-1,1,1
617.png,1,1,1,1,-1
618.png,3,-1,1,1,-1
619.png,1,1,1,1,-1
620.png,1,-1,1,1,1
621.png,3,-1,1,1,1
622.png,1,-1,-1,1,1
623.png,1,-1,1,1,-1
624.png,4,-1,1,1,1
626.png,3,1,1,1,-1
627.png,1,-1,1,1,1
628.png,4,-1,1,1,1
629.png,-1,-1,1,1,1
630.png,-1,-1,1,1,1
631.png,4,-1,-1,1,1
632.png,2,-1,1,1,-1
633.png,2,1,1,1,-1
634.png,2,-1,1,1,-1
635.png,-1,-1,1,-1,1
636.png,1,-1,1,1,1
637.png,-1,-1,1,1,1
640.png,1,-1,1,1,-1
641.png,-1,-1,-1,-1,1
642.png,1,-1,1,1,1
643.png,4,-1,1,1,1
644.png,4,-1,1,1,1
645.png,4,1,-1,1,1
646.png,1,1,1,1,-1
647.png,1,-1,1,1,-1
648.png,2,1,1,1,-1
649.png,4,-1,-1,1,1
651.png,4,-1,-1,1,1
652.png,3,-1,1,-1,1
653.png,-1,-1,1,-1,1
654.png,3,1,1,1,-1
655.png,5,-1,1,-1,-1
656.png,1,-1,1,1,1
657.png,5,-1,1,-1,-1
658.png,3,-1,-1,1,1
659.png,-1,-1,1,1,1
660.png,4,-1,1,1,1
661.png,3,1,1,1,-1
662.png,1,-1,1,1,-1
664.png,4,-1,1,1,-1
665.png,-1,-1,1,-1,1
666.png,2,-1,1,1,-1
667.png,4,1,1,1,-1
668.png,4,-1,1,1,1
670.png,2,-1,1,1,-1
671.png,5,-1,1,-1,-1
672.png,2,-1,1,1,-1
673.png,4,-1,-1,1,1
674.png,3,-1,1,1,-1
675.png,4,-1,1,1,1
676.png,4,-1,-1,1,1
677.png,1,1,1,1,-1
678.png,5,1,1,-1,-1
679.png,4,-1,1,1,-1
680.png,-1,-1,1,1,1
681.png,3,1,1,1,-1
682.png,5,-1,1,-1,-1
683.png,5,-1,1,-1,-1
684.png,3,-1,1,1,-1
685.png,3,-1,1,1,1
686.png,3,1,-1,1,1
687.png,1,-1,1,-1,1
688.png,5,1,1,-1,-1
689.png,4,-1,-1,1,1
690.png,4,-1,1,1,1
691.png,3,-1,1,1,-1
693.png,1,-1,-1,1,1
694.png,2,-1,1,1,-1
696.png,1,-1,1,1,1
697.png,2,1,1,1,-1
698.png,3,1,-1,1,1
699.png,4,-1,1,1,-1
700.png,1,1,1,1,-1
701.png,2,1,1,1,-1
702.png,1,1,1,1,-1
703.png,2,1,1,1,-1
704.png,3,-1,-1,1,1
705.png,-1,-1,-1,-1,1
706.png,4,-1,1,1,1
707.png,2,-1,1,1,-1
708.png,4,-1,1,1,1
709.png,-1,-1,1,1,1
710.png,-1,-1,-1,1,1
712.png,5,1,1,-1,-1
713.png,1,-1,1,1,-1
715.png,1,-1,1,1,-1
716.png,1,-1,1,-1,1
717.png,5,-1,1,-1,-1
719.png,3,1,1,-1,1
720.png,1,-1,1,1,-1
721.png,1,-1,1,1,-1
722.png,1,1,1,1,-1
723.png,5,1,1,-1,-1
724.png,4,-1,1,1,1
725.png,1,-1,1,1,-1
726.png,3,-1,1,1,-1
727.png,0,-1,-1,-1,1
729.png,3,-1,1,1,-1
730.png,1,1,1,1,-1
732.png,-1,-1,-1,1,1
733.png,-1,-1,1,-1,1
734.png,3,-1,1,1,-1
735.png,-1,-1,1,1,1
736.png,-1,-1,-1,1,1
737.png,1,1,1,1,-1
738.png,5,1,1,-1,-1
739.png,3,-1,-1,1,1
740.png,2,-1,1,1,-1
742.png,2,1,1,1,-1
743.png,4,-1,1,1,-1
744.png,3,1,1,1,-1
745.png,1,1,1,1,-1
746.png,1,1,1,1,-1
747.png,3,-1,1,1,-1
749.png,1,-1,1,1,1
750.png,4,-1,-1,1,1
751.png,3,-1,1,1,1
752.png,1,1,1,1,-1
753.png,3,-1,1,1,1
755.png,2,-1,1,1,-1
756.png,4,-1,-1,1,1
757.png,3,-1,1,1,-1
758.png,5,1,-1,-1,1
759.png,3,-1,-1,1,1
760.png,5,1,1,-1,-1
761.png,5,1,1,-1,-1
763.png,0,-1,-1,-1,1
764.png,2,1,1,1,-1
765.png,3,-1,1,1,-1
766.png,4,-1,1,1,-1
767.png,3,-1,1,1,1
768.png,1,-1,1,1,-1
769.png,4,-1,1,1,-1
770.png,5,1,1,-1,-1
771.png,1,1,1,1,-1
772.png,3,-1,1,1,1
773.png,3,-1,1,1,1
774.png,5,-1,1,-1,-1
775.png,-1,-1,1,1,1
776.png,5,-1,-1,-1,1
777.png,1,-1,1,1,-1
780.png,2,-1,1,1,-1
781.png,2,1,1,1,-1
782.png,3,1,1,1,-1
783.png,-1,-1,-1,1,1
784.png,1,-1,1,1,1
785.png,5,-1,1,-1,-1
786.png,2,1,1,1,-1
787.png,-1,-1,-1,1,1
788.png,1,-1,1,-1,1
789.png,1,-1,-1,1,1
790.png,4,-1,-1,1,1
791.png,1,-1,1,1,1
792.png,2,-1,1,1,-1
793.png,4,1,1,1,-1
794.png,1,1,1,1,-1
795.png,3,-1,-1,1,1
796.png,-1,-1,1,1,1
797.png,4,-1,1,1,-1
798.png,3,1,1,1,-1
799.png,2,-1,1,1,-1
800.png,4,-1,-1,1,1
801.png,4,-1,1,1,1
802.png,3,1,1,1,-1
803.png,-1,-1,1,1,1
804.png,4,-1,1,1,-1
806.png,-1,1,1,1,1
807.png,1,-1,1,1,1
808.png,0,-1,-1,-1,1
809.png,1,1,1,1,-1
810.png,1,-1,1,1,-1
811.png,5,-1,1,-1,-1
812.png,-1,-1,-1,1,1
814.png,1,-1,-1,1,1
815.png,4,1,1,1,-1
816.png,4,-1,1,1,-1
817.png,-1,-1,1,1,1
818.png,5,-1,-1,-1,1
819.png,1,-1,1,1,-1
820.png,-1,-1,1,1,1
822.png,0,1,-1,1,1
823.png,1,1,1,1,-1
825.png,3,-1,1,1,-1
826.png,1,-1,1,1,-1
827.png,1,-1,1,1,-1
828.png,1,-1,1,1,-1
829.png,4,-1,-1,1,1
830.png,1,1,1,1,-1
831.png,1,-1,-1,1,1
832.png,1,1,1,1,-1
833.png,1,-1,1,1,-1
834.png,1,1,1,1,-1
835.png,-1,-1,-1,1,1
836.png,3,-1,1,1,1
837.png,1,-1,1,1,1
838.png,3,-1,1,1,1
839.png,-1,-1,-1,1,1
840.png,2,1,1,1,-1
841.png,4,-1,-1,1,1
842.png,-1,-1,-1,1,1
844.png,1,-1,1,1,-1
845.png,2,-1,1,1,-1
846.png,4,-1,-1,1,1
847.png,1,1,1,1,-1
848.png,-1,-1,1,1,1
849.png,5,1,1,-1,-1
850.png,3,-1,1,1,1
851.png,5,-1,1,-1,-1
852.png,4,1,-1,1,1
853.png,5,-1,1,-1,-1
854.png,3,1,1,1,-1
855.png,3,-1,-1,1,1
856.png,4,-1,-1,1,1
857.png,-1,-1,1,1,1
858.png,1,1,1,1,-1
859.png,-1,-1,-1,1,1
860.png,1,1,1,1,-1
861.png,1,-1,1,1,1
863.png,5,1,1,-1,-1
864.png,-1,-1,-1,1,1
866.png,3,-1,1,1,1
867.png,-1,-1,1,-1,1
869.png,4,-1,1,1,1
870.png,2,-1,1,1,-1
871.png,5,1,1,-1,-1
872.png,1,1,1,1,-1
873.png,1,1,1,1,-1
874.png,3,-1,1,1,-1
877.png,4,-1,1,1,1
878.png,4,-1,-1,1,1
880.png,4,1,1,1,-1
881.png,4,-1,1,1,1
882.png,3,-1,1,1,-1
883.png,3,-1,1,1,-1
884.png,1,1,1,1,-1
885.png,1,-1,1,1,-1
886.png,1,1,1,1,-1
887.png,3,1,1,1,-1
888.png,1,-1,1,1,-1
889.png,-1,-1,1,-1,1
890.png,2,1,1,1,-1
891.png,1,-1,1,1,-1
892.png,3,-1,-1,1,1
894.png,1,-1,-1,-1,1
895.png,5,1,1,-1,-1
896.png,1,-1,1,1,-1
897.png,-1,1,-1,1,1
898.png,1,1,1,1,-1
899.png,3,1,1,1,-1
900.png,5,-1,1,-1,-1
901.png,4,-1,1,1,1
902.png,1,1,1,1,-1
903.png,3,-1,1,1,-1
904.png,1,-1,1,1,-1
905.png,0,-1,1,-1,-1
906.png,4,-1,1,1,1
907.png,0,-1,-1,1,1
908.png,2,-1,1,1,-1
909.png,1,1,1,1,-1
910.png,2,1,1,1,-1
911.png,4,-1,1,1,-1
912.png,1,-1,-1,1,1
913.png,5,1,1,-1,-1
914.png,4,-1,1,1,-1
916.png,2,-1,1,1,-1
917.png,3,-1,1,1,1
918.png,1,1,1,1,-1
919.png,3,-1,1,1,1
920.png,1,1,1,1,-1
921.png,2,-1,1,1,-1
922.png,3,1,1,1,-1
923.png,1,1,1,1,-1
924.png,4,-1,1,1,1
925.png,1,1,1,1,-1
926.png,-1,-1,1,1,1
927.png,3,-1,-1,1,1
928.png,2,-1,1,1,-1
929.png,-1,-1,-1,1,1
930.png,4,1,1,1,-1
932.png,1,-1,-1,-1,1
933.png,5,-1,1,-1,-1
934.png,2,1,1,1,-1
935.png,0,1,1,-1,-1
936.png,4,-1,-1,1,1
937.png,4,1,1,-1,1
938.png,-1,-1,-1,1,1
940.png,5,1,1,-1,-1
941.png,2,1,1,1,-1
942.png,3,-1,-1,1,1
943.png,5,-1,1,-1,-1
944.png,5,1,1,-1,-1
945.png,4,-1,-1,1,1
946.png,4,1,1,1,-1
947.png,5,-1,1,-1,-1
948.png,-1,-1,1,-1,1
949.png,5,1,1,-1,-1
950.png,0,-1,1,1,1
951.png,4,-1,-1,1,1
953.png,3,1,1,1,-1
954.png,3,-1,1,1,-1
955.png,2,1,1,1,-1
956.png,2,1,1,1,-1
957.png,2,-1,1,1,-1
958.png,3,-1,1,1,-1
959.png,4,-1,-1,1,1
960.png,-1,-1,-1,1,1
961.png,1,-1,1,1,1
962.png,3,-1,1,1,-1
963.png,-1,-1,-1,-1,1
964.png,4,-1,1,1,1
965.png,1,1,1,1,-1
966.png,-1,-1,1,1,1
967.png,1,-1,1,1,1
968.png,-1,1,1,-1,1
969.png,2,-1,1,1,-1
970.png,4,-1,-1,1,1
971.png,3,1,1,1,-1
972.png,-1,-1,-1,1,1
973.png,1,-1,-1,1,1
974.png,3,-1,1,1,1
975.png,5,1,1,-1,-1
976.png,1,1,1,1,-1
977.png,-1,-1,-1,1,1
978.png,4,-1,-1,1,1
979.png,4,1,1,1,-1
980.png,4,-1,1,1,-1
981.png,2,-1,1,1,-1
984.png,4,-1,1,1,-1
986.png,5,-1,1,-1,-1
987.png,1,-1,1,-1,1
988.png,5,1,1,-1,-1
990.png,4,-1,1,1,-1
991.png,4,-1,1,1,1
992.png,-1,-1,1,-1,1
993.png,-1,-1,1,1,1
994.png,4,-1,1,1,-1
995.png,4,-1,1,1,-1
996.png,2,1,1,1,-1
997.png,3,1,1,1,-1
998.png,1,-1,1,1,-1
999.png,4,-1,1,1,1
1000.png,3,-1,1,1,-1
1001.png,3,-1,1,1,-1
1002.png,1,1,1,1,-1
1003.png,3,-1,1,1,-1
1004.png,1,1,1,1,-1
1005.png,1,-1,-1,1,1
1006.png,3,-1,1,1,1
1007.png,-1,-1,-1,1,1
1008.png,-1,-1,-1,1,1
1009.png,5,1,1,-1,-1
1010.png,5,-1,1,-1,-1
1011.png,3,-1,-1,1,1
1012.png,-1,-1,-1,1,1
1013.png,-1,1,-1,-1,1
1014.png,4,1,1,1,-1
1015.png,2,-1,1,1,-1
1016.png,2,-1,1,1,-1
1017.png,1,-1,1,1,-1
1018.png,-1,-1,1,1,1
1019.png,-1,-1,1,-1,1
1020.png,1,1,1,1,-1
1021.png,0,-1,-1,-1,1
1022.png,4,-1,1,1,1
1023.png,2,1,1,1,-1
1024.png,5,-1,1,-1,-1
1025.png,4,-1,1,-1,1
1026.png,1,-1,1,-1,1
1027.png,2,-1,1,1,-1
1028.png,2,1,1,1,-1
1029.png,1,-1,1,1,-1
1030.png,3,-1,1,1,-1
1032.png,3,1,1,1,-1
1033.png,5,-1,1,-1,-1
1034.png,3,1,1,1,-1
1035.png,3,-1,1,1,-1
1037.png,1,-1,1,1,-1
1038.png,3,-1,1,-1,1
1039.png,3,-1,1,1,1
1040.png,1,1,1,1,-1
1041.png,3,-1,1,1,-1
1042.png,1,-1,1,1,-1
1043.png,2,1,1,1,-1
1044.png,-1,-1,1,1,1
1045.png,4,-1,-1,1,1
1046.png,1,-1,1,1,-1
1047.png,2,1,1,1,-1
1048.png,3,-1,-1,1,1
1049.png,5,1,1,-1,-1
1050.png,4,-1,1,1,1
1051.png,5,1,1,-1,-1
1052.png,-1,-1,1,1,1
1053.png,2,-1,1,1,-1
1054.png,1,-1,1,1,-1
1055.png,3,1,1,1,-1
1056.png,-1,-1,-1,1,1
1057.png,2,-1,1,1,-1
1058.png,-1,-1,-1,1,1
1059.png,1,-1,1,1,-1
1060.png,4,1,1,1,-1
1061.png,5,1,1,-1,-1
1062.png,3,-1,1,1,-1
1063.png,1,-1,1,1,-1
1066.png,3,-1,1,1,-1
1067.png,-1,-1,1,-1,1
1068.png,4,-1,1,-1,1
1069.png,-1,-1,1,1,1
1070.png,3,1,1,1,-1
1071.png,3,-1,1,1,-1
1072.png,1,-1,1,1,-1
1073.png,1,-1,1,1,1
1074.png,1,1,1,1,-1
1075.png,1,-1,1,1,-1
1076.png,3,-1,-1,1,1
1077.png,5,1,-1,-1,1
1078.png,-1,-1,-1,1,1
1079.png,4,-1,-1,1,1
1081.png,2,1,1,1,-1
1082.png,2,-1,1,1,-1
1083.png,4,-1,1,1,1
1084.png,-1,-1,-1,1,1
1085.png,1,-1,1,1,-1
1086.png,4,-1,-1,1,1
1087.png,2,1,1,1,-1
1088.png,-1,-1,-1,1,1
1089.png,1,-1,1,-1,1
1090.png,5,1,1,-1,-1
1091.png,-1,-1,-1,1,1
1092.png,2,1,1,1,-1
1093.png,2,1,1,1,-1
1095.png,2,1,1,1,-1
1096.png,1,-1,1,1,1
1097.png,1,-1,1,1,-1
1098.png,4,1,-1,1,1
1099.png,4,-1,1,1,1
1101.png,-1,-1,-1,1,1
1102.png,3,1,1,1,-1
1103.png,-1,-1,1,1,1
1104.png,1,-1,1,1,-1
1105.png,-1,-1,-1,1,1
1106.png,4,1,1,1,-1
1107.png,4,1,1,1,-1
1108.png,2,-1,1,1,-1
1109.png,3,-1,1,-1,1
1110.png,3,-1,1,1,1
1111.png,4,-1,-1,-1,1
1112.png,1,1,1,1,-1
1113.png,1,-1,1,1,-1
1115.png,4,1,1,1,-1
1116.png,3,-1,-1,1,1
1117.png,5,-1,1,-1,-1
1118.png,5,-1,1,-1,-1
1119.png,4,1,1,1,-1
1120.png,1,1,1,1,-1
1121.png,5,-1,1,-1,-1
1122.png,3,-1,-1,1,1
1123.png,5,-1,1,-1,-1
1125.png,1,-1,1,1,-1
1126.png,5,1,1,-1,-1
1127.png,3,-1,1,1,1
1128.png,4,-1,1,1,1
1129.png,3,1,1,1,-1
1130.png,3,1,1,1,-1
1131.png,-1,-1,1,-1,1
1132.png,3,-1,-1,1,1
1134.png,3,-1,-1,1,1
1136.png,1,1,1,1,-1
1137.png,4,-1,1,1,1
1138.png,3,1,1,1,-1
1139.png,3,1,1,1,-1
1141.png,4,1,1,1,1
1142.png,4,-1,1,1,1
1143.png,2,1,1,1,-1
1144.png,1,1,1,1,-1
1145.png,-1,-1,-1,-1,1
1146.png,-1,-1,-1,1,1
1150.png,3,1,1,1,-1
1151.png,1,1,1,1,-1
1152.png,1,1,1,1,-1
1153.png,1,-1,1,1,-1
1154.png,1,1,1,1,-1
1155.png,1,-1,1,1,-1
1156.png,-1,-1,1,1,1
1157.png,-1,-1,-1,-1,1
1158.png,5,-1,1,-1,-1
1159.png,4,-1,1,1,-1
1160.png,3,-1,-1,1,1
1161.png,1,-1,1,1,-1
1162.png,1,-1,-1,1,1
1163.png,1,-1,1,-1,1
1165.png,1,1,1,1,-1
1166.png,1,-1,1,1,-1
1168.png,2,1,1,1,-1
1169.png,3,1,1,1,-1
1170.png,-1,-1,-1,1,1
1171.png,2,1,1,1,-1
1172.png,2,1,1,1,-1
1173.png,4,-1,1,1,1
1174.png,-1,-1,1,1,1
1175.png,-1,-1,1,1,1
1176.png,3,1,1,1,-1
1177.png,2,1,1,1,-1
1178.png,1,-1,1,-1,1
1179.png,5,-1,-1,-1,1
1180.png,4,1,1,1,-1
1181.png,1,1,1,1,-1
1182.png,1,-1,1,1,1
1184.png,2,-1,1,1,-1
1185.png,-1,-1,-1,1,1
1186.png,3,1,1,1,-1
1187.png,4,1,1,1,-1
1188.png,2,-1,1,1,-1
1189.png,3,-1,1,1,-1
1190.png,5,-1,1,-1,-1
1191.png,2,-1,1,1,-1
1192.png,1,1,1,1,-1
1193.png,4,1,1,1,-1
1194.png,4,-1,1,1,1
1195.png,5,1,1,-1,-1
1196.png,-1,-1,1,1,1
1197.png,1,1,1,1,-1
1198.png,3,-1,1,1,1
1199.png,4,-1,-1,1,1
1200.png,3,-1,1,1,1
1201.png,-1,-1,-1,-1,1
1202.png,4,-1,-1,1,1
1203.png,5,1,1,-1,-1
1204.png,3,-1,-1,1,1
1206.png,-1,-1,-1,-1,1
1207.png,2,-1,1,1,-1
1208.png,1,1,1,1,-1
1209.png,5,-1,1,-1,-1
1210.png,4,-1,1,-1,1
1211.png,0,1,-1,1,1
1212.png,1,-1,1,1,-1
1213.png,3,-1,-1,1,1
1214.png,2,-1,1,1,-1
1215.png,0,1,1,-1,-1
1216.png,4,-1,-1,1,1
1217.png,1,-1,1,-1,1
1218.png,4,-1,1,-1,1
1219.png,3,1,1,1,-1
1220.png,1,-1,-1,1,1
1221.png,4,1,1,1,-1
1223.png,1,-1,1,1,-1
1224.png,2,-1,1,1,-1
1225.png,1,-1,1,-1,1
1226.png,3,1,1,-1,1
1227.png,2,1,1,1,-1
1228.png,2,-1,1,1,-1
1230.png,4,-1,-1,1,1
1231.png,3,1,1,1,-1
1232.png,1,-1,1,1,-1
1233.png,1,1,1,1,-1
1234.png,2,1,1,1,-1
1236.png,-1,-1,1,1,1
1238.png,5,-1,-1,-1,1
1240.png,0,-1,-1,1,1
1241.png,2,1,1,1,-1
1242.png,3,-1,1,1,-1
1243.png,4,-1,-1,1,1
1244.png,4,-1,-1,1,1
1245.png,4,-1,-1,1,1
1246.png,-1,-1,1,-1,1
1247.png,-1,-1,1,1,1
1249.png,3,1,1,1,-1
1250.png,3,-1,1,1,1
1251.png,5,-1,1,-1,-1
1252.png,1,1,1,1,-1
1253.png,1,-1,1,-1,1
1254.png,3,1,-1,1,1
1255.png,2,-1,1,1,-1
1256.png,2,-1,1,1,-1
1257.png,5,-1,1,-1,-1
1258.png,-1,-1,-1,1,1
1259.png,-1,-1,1,1,1
1260.png,2,1,1,1,-1
1261.png,5,1,1,-1,-1
1262.png,3,-1,1,1,-1
1263.png,1,-1,-1,1,1
1264.png,5,-1,1,-1,-1
1265.png,3,-1,1,1,-1
1266.png,-1,1,-1,1,1
1267.png,5,-1,-1,-1,1
1268.png,3,1,1,1,-1
1269.png,3,-1,-1,1,1
1270.png,5,-1,1,-1,-1
1271.png,3,-1,1,1,-1
1272.png,4,-1,1,1,-1
1273.png,3,1,1,1,-1
1274.png,3,-1,1,1,-1
1275.png,-1,-1,1,1,1
1276.png,1,1,1,1,-1
1277.png,4,-1,1,1,1
1278.png,1,-1,1,1,-1
1279.png,4,-1,1,-1,1
1280.png,-1,-1,1,1,1
1281.png,3,-1,-1,-1,1
1282.png,3,-1,-1,1,1
1283.png,2,1,1,1,-1
1284.png,5,1,1,-1,-1
1286.png,4,-1,-1,1,1
1287.png,1,1,1,1,-1
1288.png,-1,-1,-1,1,1
1289.png,1,-1,1,1,1
1290.png,4,-1,1,1,-1
1291.png,4,1,1,1,-1
1292.png,2,1,1,1,-1
1293.png,3,-1,-1,-1,1
1294.png,1,-1,1,1,-1
1295.png,-1,-1,1,1,1
1296.png,-1,-1,1,1,1
1297.png,5,1,1,-1,1
1298.png,2,1,1,1,-1
1299.png,1,1,1,1,-1
1301.png,3,-1,1,1,1
1302.png,-1,-1,1,-1,1
1303.png,1,-1,1,1,-1
1304.png,3,1,1,1,-1
1305.png,1,-1,1,1,-1
1306.png,3,-1,-1,1,1
1307.png,5,-1,1,-1,-1
1308.png,3,1,1,1,-1
1309.png,4,1,1,1,-1
1310.png,5,1,1,-1,-1
1311.png,1,-1,1,1,1
1313.png,-1,-1,-1,1,1
1314.png,3,-1,-1,1,1
1315.png,1,-1,1,-1,1
1316.png,1,1,1,1,-1
1317.png,4,1,1,1,-1
1320.png,3,-1,1,1,1
1321.png,1,1,1,1,-1
1322.png,5,-1,1,-1,-1
1323.png,3,-1,1,1,1
1324.png,1,-1,1,1,-1
1325.png,-1,-1,1,1,1
1326.png,3,1,1,1,-1
1327.png,-1,-1,-1,1,1
1328.png,5,-1,1,-1,-1
1329.png,1,1,1,1,-1
1330.png,0,-1,1,-1,-1
1331.png,1,1,1,1,-1
1332.png,3,1,1,1,-1
1333.png,3,-1,1,1,-1
1334.png,5,1,1,-1,-1
1339.png,4,-1,1,1,1
1340.png,-1,-1,1,1,1
1341.png,1,1,1,1,-1
1342.png,3,-1,1,1,1
1343.png,-1,-1,-1,1,1
1344.png,4,-1,-1,1,1
1346.png,3,-1,1,1,1
1347.png,1,-1,1,1,1
1348.png,2,-1,1,1,-1
1349.png,1,-1,1,1,-1
1350.png,1,-1,1,1,-1
1351.png,4,-1,1,1,1
1352.png,2,-1,1,1,-1
1353.png,5,-1,1,-1,-1
1354.png,-1,-1,1,1,1
1355.png,3,-1,1,1,-1
1356.png,1,-1,1,1,-1
1357.png,4,-1,-1,1,1
1358.png,5,1,1,-1,-1
1359.png,4,-1,1,1,-1
1360.png,4,-1,-1,1,1
1361.png,4,-1,1,1,1
1362.png,4,1,1,1,-1
1363.png,1,-1,1,1,1
1364.png,5,-1,1,-1,-1
1365.png,1,-1,1,1,-1
1366.png,3,1,1,1,-1
1367.png,4,-1,1,1,1
1368.png,-1,-1,-1,1,1
1369.png,2,-1,1,1,-1
1371.png,4,-1,1,1,-1
1372.png,-1,-1,1,1,1
1373.png,1,-1,1,1,-1
1374.png,5,-1,1,-1,-1
1375.png,5,-1,1,-1,1
1376.png,3,1,1,1,-1
1377.png,2,1,1,1,-1
1378.png,2,1,1,1,-1
1379.png,-1,-1,1,-1,1
1380.png,1,1,1,1,-1
1382.png,1,-1,1,-1,1
1383.png,1,1,1,1,-1
1384.png,3,-1,-1,1,1
1385.png,2,-1,1,1,-1
1386.png,3,1,1,1,-1
1387.png,3,1,1,1,-1
1388.png,-1,-1,1,1,1
1389.png,5,-1,1,-1,-1
1390.png,4,-1,1,1,-1
1391.png,1,1,1,1,-1
1392.png,4,-1,-1,1,1
1394.png,1,1,1,1,-1
1395.png,3,-1,-1,1,1
1396.png,4,-1,1,1,1
1397.png,4,-1,-1,1,1
1398.png,5,-1,1,-1,-1
1399.png,5,-1,1,-1,-1
1401.png,4,-1,-1,1,1
1402.png,2,1,1,1,-1
1404.png,5,1,1,-1,-1
1405.png,3,1,1,1,-1
1406.png,1,1,1,1,-1
1407.png,-1,1,-1,-1,1
1408.png,4,-1,1,1,-1
1409.png,4,1,1,1,-1
1410.png,5,1,1,-1,-1
1411.png,2,1,1,1,-1
1412.png,1,1,1,1,-1
1413.png,2,-1,1,1,-1
1414.png,4,-1,-1,1,1
1415.png,2,-1,1,1,-1
1416.png,5,-1,1,-1,-1
1417.png,1,-1,1,1,-1
1418.png,3,1,1,1,-1
1419.png,4,-1,-1,1,1
1420.png,-1,-1,1,1,1
1422.png,5,1,1,-1,-1
1423.png,1,1,1,1,-1
1424.png,1,1,1,1,-1
1425.png,2,1,1,1,-1
1426.png,4,1,-1,1,1
1427.png,-1,-1,-1,1,1
1428.png,3,-1,1,1,-1
1429.png,3,1,1,1,-1
1430.png,3,1,1,1,-1
1431.png,4,-1,1,1,1
1432.png,3,1,1,1,-1
1433.png,-1,-1,1,1,1
1434.png,2,-1,1,1,-1
1435.png,1,1,1,1,-1
1436.png,3,-1,1,1,-1
1437.png,1,-1,-1,1,1
1438.png,3,-1,1,1,1
1439.png,1,-1,1,1,-1
1440.png,3,1,1,1,1
1441.png,1,1,1,1,-1
1442.png,3,1,1,1,-1
1443.png,3,-1,1,1,1
1444.png,5,-1,-1,-1,1
1445.png,4,-1,1,1,-1
1446.png,2,-1,1,1,-1
1447.png,4,1,1,1,-1
1448.png,3,-1,1,1,-1
1449.png,3,1,1,1,-1
1450.png,3,-1,1,1,1
1452.png,1,-1,1,1,-1
1453.png,1,-1,1,1,1
1454.png,1,1,1,1,-1
1455.png,2,-1,1,1,-1
1456.png,4,-1,1,1,1
1457.png,4,1,1,1,-1
1458.png,3,-1,1,1,-1
1459.png,4,-1,1,1,-1
1460.png,5,1,1,-1,-1
1461.png,1,-1,1,1,-1
1462.png,-1,-1,-1,1,1
1463.png,2,1,1,1,-1
1464.png,3,1,1,1,-1
1465.png,5,1,1,-1,-1
1466.png,1,1,1,1,-1
1467.png,2,-1,1,1,-1
1468.png,-1,-1,1,-1,1
1469.png,1,-1,1,1,-1
1470.png,2,1,1,1,-1
1471.png,3,-1,1,1,1
1472.png,4,-1,1,1,1
1473.png,1,1,1,1,-1
1474.png,1,1,1,1,-1
1475.png,1,-1,1,1,1
1476.png,4,1,1,1,-1
1477.png,5,1,1,-1,-1
1478.png,-1,-1,1,-1,1
1479.png,2,-1,1,1,-1
1480.png,2,1,1,1,-1
1481.png,-1,-1,-1,1,1
1482.png,-1,-1,-1,-1,1
1483.png,-1,-1,-1,-1,1
1484.png,1,1,1,1,-1
1485.png,3,-1,-1,1,1
1486.png,1,-1,1,1,-1
1487.png,3,-1,-1,1,1
1488.png,2,-1,1,1,-1
1489.png,4,1,-1,1,1
1490.png,4,-1,-1,1,1
1491.png,4,-1,-1,1,1
1492.png,4,-1,-1,1,1
1493.png,5,1,1,-1,-1
1494.png,1,-1,-1,-1,1
1495.png,3,-1,-1,1,1
1496.png,4,-1,1,1,1
1497.png,1,-1,-1,1,1
1498.png,-1,-1,-1,1,1
1499.png,1,1,1,1,-1
1500.png,-1,-1,-1,-1,1
1501.png,3,1,1,1,-1
1502.png,-1,-1,-1,1,1
1503.png,5,-1,1,-1,-1
1504.png,3,-1,1,1,-1
1505.png,2,-1,1,1,-1
1507.png,3,1,1,1,-1
1509.png,1,1,1,1,-1
1510.png,-1,-1,1,-1,1
1511.png,2,-1,1,1,-1
1512.png,2,1,1,1,-1
1513.png,1,-1,1,1,1
1514.png,-1,-1,-1,1,1
1515.png,5,1,1,-1,-1
1516.png,1,1,1,1,-1
1517.png,4,1,1,1,-1
1518.png,1,-1,1,1,1
1519.png,2,-1,1,1,-1
1520.png,3,-1,1,1,-1
1521.png,-1,-1,1,1,1
1522.png,5,1,1,-1,-1
1523.png,4,1,1,1,-1
1524.png,1,-1,1,1,-1
1525.png,4,-1,1,1,1
1526.png,3,-1,1,-1,1
1527.png,3,1,1,1,-1
1528.png,1,1,1,1,-1
1531.png,-1,-1,-1,1,1
1532.png,3,-1,1,1,-1
1534.png,5,-1,1,-1,-1
1535.png,4,-1,-1,1,1
1536.png,3,-1,-1,1,1
1537.png,4,1,-1,-1,1
1538.png,1,-1,1,1,1
1540.png,3,-1,-1,1,1
1541.png,4,-1,-1,-1,1
1542.png,-1,-1,1,1,1
1543.png,2,1,1,1,-1
1544.png,5,-1,1,-1,1
1547.png,4,-1,-1,1,1
1548.png,2,1,1,1,-1
1549.png,3,-1,1,1,1
1550.png,3,-1,1,1,-1
1551.png,1,-1,1,1,-1
1552.png,4,1,1,1,-1
1553.png,4,-1,1,1,1
1554.png,1,1,1,1,-1
1555.png,-1,-1,1,1,1
1556.png,3,-1,-1,1,1
1557.png,1,-1,1,1,1
1558.png,3,-1,-1,1,1
1559.png,4,1,1,1,1
1560.png,4,-1,-1,1,1
1561.png,3,-1,1,1,-1
1562.png,-1,-1,1,-1,1
1563.png,3,-1,1,1,-1
1564.png,1,-1,1,1,-1
1565.png,-1,-1,-1,1,1
1566.png,3,-1,-1,1,1
1567.png,5,1,1,-1,1
1569.png,-1,-1,1,-1,1
1570.png,-1,-1,-1,1,1
1571.png,-1,-1,1,1,1
1573.png,5,-1,1,-1,1
1574.png,2,-1,1,1,-1
1575.png,5,-1,1,-1,1
1576.png,4,-1,1,1,-1
1577.png,1,1,1,1,-1
1578.png,-1,-1,-1,1,1
1579.png,1,1,1,1,-1
1581.png,-1,-1,-1,1,1
1582.png,2,1,1,1,-1
1583.png,-1,-1,1,1,1
1584.png,1,-1,1,1,-1
1585.png,-1,-1,1,1,1
1586.png,3,-1,1,1,1
1587.png,-1,-1,1,-1,1
1588.png,4,-1,-1,1,1
1589.png,1,1,1,1,-1
1590.png,2,1,1,1,-1
1591.png,3,-1,1,1,1
1592.png,1,1,1,1,-1
1593.png,2,1,1,1,-1
1594.png,1,1,1,1,-1
1595.png,1,-1,-1,1,1
1596.png,-1,-1,-1,-1,1
1597.png,2,-1,1,1,-1
1598.png,3,1,1,1,-1
1599.png,5,1,1,-1,-1
1600.png,4,-1,1,-1,1
1601.png,1,-1,1,-1,1
1602.png,-1,-1,1,1,1
1604.png,4,-1,1,1,1
1605.png,0,-1,-1,1,1
1606.png,5,-1,1,-1,-1
1607.png,3,-1,1,1,-1
1608.png,4,-1,1,1,1
1609.png,5,-1,1,-1,-1
1610.png,0,-1,1,-1,-1
1611.png,2,1,1,1,-1
1612.png,3,-1,1,1,1
1614.png,1,1,1,1,-1
1615.png,2,1,1,1,-1
1616.png,5,-1,1,-1,-1
1617.png,5,1,1,-1,-1
1618.png,5,-1,1,-1,-1
1619.png,2,1,1,1,-1
1620.png,2,-1,1,1,-1
1621.png,-1,-1,1,1,1
1622.png,3,-1,-1,1,1
1623.png,4,-1,1,1,1
1624.png,3,-1,1,1,1
1625.png,-1,-1,1,1,1
1627.png,0,-1,1,1,1
1628.png,5,-1,-1,-1,1
1630.png,3,-1,1,1,-1
1631.png,-1,-1,1,1,1
1632.png,-1,-1,-1,1,1
1633.png,3,-1,1,1,-1
1634.png,3,-1,1,1,1
1635.png,2,1,1,1,-1
1636.png,1,-1,1,1,1
1637.png,1,-1,1,1,1
1638.png,1,1,1,1,-1
1639.png,4,-1,1,1,-1
1640.png,1,-1,-1,1,1
1641.png,4,-1,-1,1,1
1642.png,2,1,1,1,-1
1643.png,1,-1,1,1,-1
1644.png,3,-1,-1,-1,1
1646.png,5,1,1,-1,-1
1647.png,5,-1,-1,-1,1
1648.png,1,-1,1,1,-1
1650.png,1,-1,1,1,-1
1651.png,2,-1,1,1,-1
1652.png,1,-1,1,1,-1
1653.png,5,-1,-1,-1,1
1654.png,1,-1,-1,1,1
1655.png,-1,-1,-1,1,1
1656.png,4,-1,1,1,1
1657.png,4,1,1,1,-1
1658.png,4,-1,-1,-1,1
1659.png,5,1,1,-1,-1
1660.png,4,-1,-1,1,1
1661.png,1,1,1,1,-1
1662.png,1,-1,1,1,-1
1663.png,2,-1,1,1,-1
1664.png,5,-1,1,-1,1
1665.png,1,1,1,1,-1
1666.png,1,-1,1,1,-1
1667.png,3,-1,1,1,1
1668.png,1,-1,1,1,-1
1669.png,2,1,1,1,-1
1670.png,3,-1,1,1,-1
1672.png,3,1,1,1,-1
1673.png,1,1,1,1,-1
1674.png,5,-1,1,-1,-1
1675.png,1,-1,-1,1,1
1676.png,3,1,1,1,-1
1677.png,1,-1,1,1,1
1678.png,1,-1,1,1,-1
1679.png,4,-1,1,1,-1
1680.png,4,-1,1,1,1
1681.png,1,1,1,1,-1
1683.png,2,1,1,1,-1
1684.png,1,1,1,1,-1
1685.png,5,-1,1,-1,-1
1686.png,4,-1,1,-1,1
1687.png,3,-1,1,1,-1
1688.png,4,-1,1,1,-1
1689.png,4,1,1,1,-1
1690.png,3,-1,-1,1,1
1691.png,3,-1,1,1,-1
1692.png,5,-1,1,-1,-1
1693.png,3,-1,1,1,1
1694.png,1,-1,1,-1,1
1695.png,4,-1,1,1,1
1696.png,5,1,-1,-1,1
1697.png,3,1,1,1,-1
1698.png,3,-1,-1,1,1
1699.png,3,-1,1,1,-1
1700.png,4,1,1,1,-1
1701.png,-1,-1,1,1,1
1703.png,3,-1,1,1,-1
1704.png,3,-1,-1,1,1
1705.png,3,-1,-1,1,1
1706.png,-1,1,-1,1,1
1707.png,-1,-1,-1,1,1
1708.png,1,1,1,1,-1
1709.png,1,1,1,1,-1
1710.png,2,1,1,1,-1
1711.png,5,1,1,-1,-1
1712.png,4,-1,-1,1,1
1713.png,2,-1,1,1,-1
1714.png,4,-1,1,1,1
1715.png,1,-1,1,1,-1
1717.png,4,-1,1,1,1
1718.png,-1,-1,1,-1,1
1719.png,5,-1,-1,-1,1
1720.png,3,-1,1,1,1
1721.png,1,1,1,1,-1
1722.png,-1,-1,-1,1,1
1724.png,3,-1,1,-1,1
1725.png,4,-1,1,1,1
1726.png,2,-1,1,1,-1
1727.png,4,-1,1,1,1
1728.png,-1,-1,-1,1,1
1730.png,3,1,1,1,-1
1731.png,2,-1,1,1,-1
1732.png,1,-1,1,1,-1
1733.png,1,-1,1,1,-1
1734.png,1,-1,1,1,-1
1735.png,1,-1,1,-1,1
1736.png,-1,-1,1,1,1
1737.png,3,1,1,1,-1
1739.png,5,1,1,-1,-1
1740.png,3,1,1,1,-1
1741.png,-1,-1,-1,1,1
1742.png,3,-1,1,1,-1
1743.png,2,-1,1,1,-1
1744.png,-1,-1,1,1,1
1745.png,4,-1,-1,-1,1
1746.png,-1,-1,-1,1,1
1747.png,3,-1,1,1,1
1748.png,1,1,1,1,-1
1749.png,3,-1,1,1,-1
1750.png,3,-1,-1,1,1
1751.png,1,1,1,1,-1
1752.png,1,1,1,1,-1
1753.png,-1,1,-1,-1,1
1754.png,-1,-1,-1,1,1
1755.png,3,-1,-1,1,1
1756.png,3,1,1,1,-1
1757.png,3,-1,1,1,1
1758.png,-1,-1,-1,1,1
1759.png,4,1,1,1,-1
1760.png,1,1,1,1,-1
1761.png,1,1,1,1,-1
1762.png,3,-1,1,1,-1
1763.png,3,-1,1,1,1
1764.png,3,-1,1,1,-1
1765.png,4,-1,1,1,1
1766.png,2,-1,1,1,-1
1767.png,4,-1,-1,-1,1
1768.png,2,-1,1,1,-1
1769.png,4,-1,-1,1,1
1770.png,2,1,1,1,-1
1771.png,5,-1,1,-1,-1
1772.png,1,1,1,1,-1
1773.png,1,1,1,1,-1
1774.png,4,-1,1,1,1
1775.png,0,-1,1,1,1
1776.png,3,1,1,1,-1
1777.png,4,1,1,1,-1
1778.png,-1,-1,1,1,1
1779.png,2,1,1,1,-1
1780.png,3,-1,1,1,1
1781.png,-1,-1,1,1,1
1782.png,3,-1,-1,1,1
1784.png,1,-1,1,-1,1
1785.png,4,-1,1,-1,1
1786.png,2,-1,1,1,-1
1787.png,4,1,1,1,-1
1788.png,3,1,1,1,-1
1789.png,3,-1,1,1,1
1790.png,-1,1,1,-1,1
1791.png,-1,-1,1,1,1
1793.png,3,-1,1,1,1
1794.png,4,-1,1,1,-1
1795.png,3,-1,1,1,-1
1796.png,1,-1,1,1,-1
1797.png,-1,-1,-1,-1,1
1798.png,2,1,1,1,-1
1799.png,4,-1,1,1,1
1800.png,3,-1,-1,1,1
1801.png,-1,-1,1,1,1
1802.png,1,-1,-1,1,1
1803.png,-1,-1,1,1,1
1804.png,2,-1,1,1,-1
1805.png,4,-1,1,1,1
1806.png,5,-1,1,-1,-1
1807.png,1,-1,1,1,1
1808.png,5,1,1,-1,-1
1809.png,3,-1,1,-1,1
1810.png,-1,-1,-1,1,1
1812.png,-1,-1,-1,1,1
1813.png,1,1,1,1,-1
1814.png,4,-1,-1,1,1
1816.png,2,-1,1,1,-1
1817.png,1,-1,1,-1,1
1818.png,-1,-1,-1,1,1
1819.png,1,1,1,1,-1
1820.png,3,-1,1,1,1
1821.png,4,-1,1,1,-1
1822.png,3,-1,-1,1,1
1823.png,-1,-1,1,-1,1
1824.png,2,1,1,1,-1
1825.png,3,1,1,1,-1
1826.png,-1,-1,-1,1,1
1827.png,4,-1,1,1,-1
1828.png,-1,-1,-1,1,1
1829.png,2,-1,1,1,-1
1830.png,1,1,1,1,-1
1831.png,1,-1,1,1,-1
1832.png,5,-1,1,-1,1
1833.png,3,1,1,1,-1
1834.png,5,-1,1,-1,-1
1835.png,3,-1,-1,1,1
1836.png,2,-1,1,1,-1
1837.png,-1,-1,1,-1,1
1838.png,3,-1,1,1,-1
1839.png,-1,-1,-1,1,1
1840.png,3,-1,1,1,1
1841.png,3,-1,-1,1,1
1842.png,2,-1,1,1,-1
1843.png,2,1,1,1,-1
1844.png,2,1,1,1,-1
1845.png,3,1,1,1,-1
1846.png,0,-1,1,-1,1
1847.png,2,-1,1,1,-1
1848.png,1,-1,1,1,1
1849.png,1,-1,1,1,-1
1850.png,5,1,1,-1,-1
1851.png,3,-1,-1,1,1
1852.png,-1,-1,1,1,1
1853.png,-1,-1,1,-1,1
1854.png,4,1,1,1,-1
1855.png,-1,-1,-1,-1,1
1856.png,-1,-1,1,1,1
1857.png,4,-1,1,1,1
1858.png,3,1,1,1,-1
1859.png,4,-1,-1,1,1
1860.png,5,-1,-1,-1,1
1861.png,4,-1,1,-1,1
1862.png,3,-1,1,1,-1
1863.png,1,-1,1,1,-1
1864.png,5,1,1,-1,1
1865.png,5,-1,1,-1,-1
1866.png,3,1,1,1,-1
1867.png,3,-1,1,1,-1
1868.png,-1,-1,1,1,1
1869.png,2,1,1,1,-1
1870.png,4,-1,1,1,1
1871.png,3,1,1,1,-1
1872.png,1,-1,1,1,1
1874.png,2,1,1,1,-1
1875.png,5,-1,1,-1,-1
1876.png,5,-1,-1,-1,1
1877.png,1,-1,-1,1,1
1878.png,4,-1,1,1,-1
1879.png,1,1,1,1,-1
1880.png,4,-1,1,1,1
1881.png,2,1,1,1,-1
1882.png,3,1,1,1,-1
1883.png,3,1,1,1,-1
1884.png,3,1,1,1,-1
1885.png,4,1,1,1,-1
1886.png,2,-1,1,1,-1
1887.png,-1,-1,1,1,1
1888.png,5,-1,-1,-1,1
1889.png,-1,1,-1,-1,1
1890.png,1,-1,1,1,-1
1891.png,4,-1,1,1,-1
1892.png,2,-1,1,1,-1
1893.png,4,-1,1,1,1
1894.png,3,-1,-1,1,1
1895.png,2,-1,1,1,-1
1896.png,1,1,1,1,-1
1897.png,3,1,1,1,-1
1898.png,-1,-1,1,1,1
1899.png,1,-1,1,1,1
1900.png,3,1,1,1,-1
1901.png,4,-1,1,1,1
1902.png,3,-1,1,1,-1
1904.png,3,-1,1,1,-1
1905.png,1,-1,1,1,-1
1906.png,1,-1,1,1,-1
1907.png,5,1,1,-1,-1
1908.png,-1,-1,1,1,1
1910.png,-1,1,-1,1,1
1911.png,2,-1,1,1,-1
1912.png,1,-1,1,1,1
1914.png,4,-1,1,1,1
1915.png,0,1,-1,-1,1
1916.png,1,-1,-1,1,1
1917.png,1,1,1,1,-1
1918.png,3,-1,-1,1,1
1919.png,1,-1,1,1,-1
1920.png,2,-1,1,1,-1
1921.png,5,-1,1,-1,-1
1922.png,5,1,1,-1,-1
1923.png,2,-1,1,1,-1
1924.png,-1,-1,-1,1,1
1925.png,3,-1,1,1,-1
1926.png,2,1,1,1,-1
1927.png,-1,-1,1,1,1
1928.png,3,-1,-1,-1,1
1929.png,3,-1,1,1,-1
1930.png,2,-1,1,1,-1
1931.png,5,-1,1,-1,-1
1932.png,1,-1,1,1,-1
1934.png,-1,-1,1,1,1
1936.png,1,1,1,1,-1
1937.png,3,-1,1,1,-1
1938.png,2,-1,1,1,-1
1939.png,2,-1,1,1,-1
1940.png,5,-1,1,-1,-1
1941.png,5,-1,1,-1,-1
1942.png,2,-1,1,1,-1
1943.png,1,-1,-1,1,1
1944.png,1,-1,1,1,-1
1945.png,3,-1,1,1,-1
1946.png,5,-1,1,-1,-1
1947.png,4,-1,-1,1,1
1948.png,2,1,1,1,-1
1949.png,4,-1,-1,-1,1
1950.png,4,-1,1,1,-1
1951.png,1,-1,1,1,-1
1952.png,2,1,1,1,-1
1953.png,3,-1,1,1,1
1954.png,-1,-1,-1,-1,1
1956.png,-1,-1,1,1,1
1957.png,3,-1,1,1,-1
1958.png,1,-1,1,1,-1
1959.png,4,-1,1,1,1
1960.png,1,-1,1,1,-1
1961.png,3,-1,1,1,-1
1962.png,5,-1,1,-1,-1
1963.png,2,-1,1,1,-1
1964.png,3,-1,1,1,-1
1967.png,3,-1,1,1,1
1968.png,2,-1,1,1,-1
1969.png,4,-1,1,1,1
1970.png,4,1,-1,-1,1
1971.png,5,1,1,-1,-1
1972.png,1,-1,1,1,-1
1973.png,4,-1,1,1,1
1974.png,3,-1,1,1,1
1975.png,3,1,1,1,-1
1976.png,4,-1,-1,1,1
1977.png,5,1,1,-1,-1
1979.png,4,-1,-1,1,1
1980.png,1,1,1,1,-1
1981.png,1,1,1,1,-1
1982.png,1,1,1,1,-1
1983.png,2,-1,1,1,-1
1984.png,5,1,-1,-1,1
1985.png,-1,-1,1,1,1
1986.png,1,-1,-1,1,1
1987.png,4,-1,1,1,1
1988.png,-1,-1,1,-1,1
1990.png,5,-1,1,-1,-1
1991.png,3,-1,1,-1,1
1993.png,0,-1,-1,-1,1
1994.png,0,1,1,-1,-1
1995.png,4,-1,-1,1,1
1996.png,4,1,1,1,-1
1997.png,5,1,1,-1,-1
1998.png,3,1,1,1,-1
1999.png,-1,-1,-1,-1,1
2000.png,-1,-1,-1,-1,1
2001.png,1,1,1,1,-1
2002.png,1,-1,1,1,1
2003.png,2,1,1,1,-1
2004.png,1,-1,1,1,-1
2005.png,3,-1,1,1,-1
2006.png,4,-1,1,1,1
2007.png,3,1,1,1,-1
2008.png,1,-1,-1,1,1
2009.png,3,-1,1,1,-1
2010.png,2,1,1,1,-1
2012.png,4,-1,1,1,-1
2013.png,1,-1,1,1,-1
2014.png,1,-1,1,1,-1
2015.png,1,-1,1,1,1
2016.png,1,-1,1,1,1
2017.png,4,1,1,1,-1
2018.png,1,-1,1,1,-1
2019.png,4,1,1,1,-1
2020.png,3,-1,1,1,-1
2021.png,1,1,1,1,-1
2022.png,4,-1,-1,1,1
2023.png,2,-1,1,1,-1
2024.png,3,-1,1,1,-1
2025.png,5,-1,1,-1,1
2026.png,3,1,1,1,-1
2027.png,1,1,1,1,-1
2028.png,3,-1,1,1,1
2029.png,2,-1,1,1,-1
2030.png,2,1,1,1,-1
2031.png,4,1,1,1,-1
2032.png,5,-1,1,-1,-1
2033.png,-1,-1,1,1,1
2034.png,1,-1,-1,1,1
2035.png,1,-1,1,1,1
2036.png,5,1,1,-1,-1
2038.png,5,-1,1,-1,-1
2039.png,3,-1,1,1,1
2041.png,1,-1,1,-1,1
2042.png,2,1,1,1,-1
2043.png,1,-1,-1,1,1
2044.png,-1,-1,-1,-1,1
2045.png,1,-1,1,1,-1
2046.png,4,-1,1,1,1
2047.png,1,-1,1,1,-1
2048.png,2,-1,1,1,-1
2049.png,-1,1,-1,1,1
2050.png,1,1,1,1,-1
2051.png,3,-1,1,1,1
2052.png,3,-1,-1,-1,1
2054.png,-1,-1,1,-1,1
2055.png,3,-1,1,-1,1
2057.png,2,-1,1,1,-1
2059.png,5,1,1,-1,-1
2060.png,1,1,1,1,-1
2061.png,2,-1,1,1,-1
2062.png,1,-1,1,1,1
2063.png,3,-1,-1,1,1
2064.png,-1,-1,1,-1,1
2066.png,3,-1,-1,1,1
2067.png,3,-1,-1,1,1
2068.png,4,-1,1,1,-1
2069.png,1,-1,1,1,-1
2070.png,5,-1,1,-1,-1
2071.png,3,1,1,1,-1
2072.png,4,-1,1,1,1
2074.png,4,-1,1,1,1
2075.png,1,1,1,1,-1
2077.png,-1,-1,1,1,1
2078.png,4,-1,1,1,1
2079.png,1,-1,1,1,-1
2080.png,4,1,1,1,-1
2081.png,4,1,1,1,-1
2082.png,1,-1,1,1,-1
2083.png,4,-1,1,1,1
2084.png,4,-1,1,1,-1
2085.png,3,1,1,1,-1
2086.png,1,-1,-1,1,1
2087.png,5,-1,1,-1,-1
2089.png,5,1,1,-1,-1
2090.png,1,-1,1,1,-1
2091.png,-1,-1,-1,-1,1
2092.png,4,-1,1,-1,1
2093.png,-1,-1,-1,1,1
2094.png,3,-1,1,1,1
2096.png,1,1,1,1,-1
2098.png,5,-1,-1,-1,1
2099.png,-1,1,1,-1,1
2100.png,1,-1,1,1,1
2101.png,4,-1,1,1,-1
2102.png,5,-1,1,-1,-1
2103.png,2,-1,1,1,-1
2104.png,0,-1,1,-1,1
2105.png,4,1,1,1,-1
2106.png,3,1,1,1,-1
2107.png,1,-1,1,1,-1
2108.png,3,-1,1,1,-1
2109.png,2,-1,1,1,-1
2110.png,5,1,1,-1,-1
2111.png,3,1,-1,1,1
2112.png,1,1,1,1,-1
2113.png,5,1,1,-1,-1
2114.png,4,-1,-1,1,1
2116.png,-1,-1,1,-1,1
2117.png,2,-1,1,1,-1
2118.png,2,1,1,1,-1
2119.png,1,1,1,1,-1
2120.png,4,-1,1,1,-1
2121.png,4,1,1,1,-1
2122.png,4,-1,1,1,-1
2123.png,3,1,1,1,-1
2124.png,1,-1,-1,1,1
2125.png,-1,-1,-1,1,1
2126.png,1,-1,1,1,1
2127.png,2,1,1,1,-1
2128.png,1,-1,1,1,1
2129.png,3,-1,1,1,-1
2130.png,1,-1,1,1,1
2131.png,2,1,1,1,-1
2132.png,5,1,1,-1,-1
2133.png,1,1,1,1,-1
2134.png,3,-1,1,1,-1
2135.png,1,-1,1,-1,1
2136.png,-1,-1,1,1,1
2137.png,3,1,1,1,-1
2139.png,5,1,1,-1,-1
2140.png,1,1,1,1,-1
2141.png,3,-1,1,1,-1
2142.png,3,-1,1,1,-1
2143.png,3,-1,1,-1,1
2144.png,4,-1,1,1,-1
2145.png,3,1,1,1,-1
2146.png,1,1,1,1,-1
2147.png,3,-1,-1,1,1
2148.png,2,-1,1,1,-1
2149.png,1,-1,1,1,-1
2150.png,3,-1,1,1,-1
2151.png,-1,-1,-1,1,1
2153.png,2,1,1,1,-1
2154.png,3,-1,1,1,-1
2155.png,3,-1,-1,1,1
2156.png,-1,-1,-1,1,1
2157.png,2,-1,1,1,-1
2158.png,1,-1,1,1,1
2159.png,3,1,1,1,-1
2160.png,-1,-1,-1,1,1
2161.png,4,-1,1,1,1
2162.png,5,-1,1,-1,-1
2163.png,1,-1,1,1,-1
2164.png,1,-1,1,1,-1
2165.png,4,-1,-1,1,1
2166.png,1,-1,1,1,1
2167.png,3,-1,1,1,-1
2168.png,2,-1,1,1,-1
2169.png,3,-1,1,1,-1
2170.png,-1,-1,1,1,1
2171.png,2,-1,1,1,-1
2172.png,5,-1,1,-1,-1
2173.png,1,-1,-1,1,1
2174.png,1,-1,1,1,-1
2175.png,4,1,1,1,-1
2176.png,5,-1,1,-1,-1
2177.png,5,1,1,-1,-1
2178.png,2,-1,1,1,-1
2179.png,1,-1,1,1,1
2180.png,5,-1,1,-1,-1
2181.png,4,-1,1,1,-1
2182.png,-1,-1,-1,1,1
2183.png,3,-1,1,1,-1
2184.png,1,1,1,1,-1
2185.png,5,1,1,-1,-1
2186.png,3,1,1,1,-1
2187.png,3,-1,1,1,-1
2188.png,1,1,1,1,-1
2189.png,4,-1,1,1,1
2190.png,2,-1,1,1,-1
2191.png,5,1,1,-1,-1
2192.png,4,1,1,1,-1
2193.png,3,1,1,1,-1
2194.png,5,-1,1,-1,-1
2195.png,4,-1,1,1,1
2196.png,-1,1,-1,1,1
2197.png,4,-1,1,1,1
2198.png,3,1,1,1,-1
2199.png,4,1,-1,-1,1
2200.png,4,-1,-1,1,1
2201.png,1,-1,1,1,-1
2202.png,2,1,1,1,-1
2203.png,5,1,1,-1,-1
2204.png,-1,-1,1,1,1
2205.png,5,1,1,-1,-1
2206.png,3,-1,1,1,-1
2207.png,3,-1,1,1,-1
2208.png,3,-1,1,1,-1
2209.png,2,-1,1,1,-1
2210.png,5,-1,1,-1,-1
2211.png,3,-1,-1,1,1
2212.png,5,1,1,-1,-1
2213.png,2,1,1,1,-1
2214.png,1,1,1,1,-1
2216.png,2,1,1,1,-1
2217.png,5,1,-1,-1,1
2218.png,3,1,1,1,-1
2219.png,0,-1,1,1,1
2220.png,-1,-1,-1,1,1
2221.png,2,-1,1,1,-1
2222.png,-1,-1,1,-1,1
2223.png,-1,-1,1,-1,1
2224.png,4,1,1,1,-1
2225.png,4,-1,1,1,1
2226.png,4,1,1,1,-1
2227.png,3,1,1,1,-1
2228.png,-1,-1,-1,-1,1
2229.png,5,1,1,-1,-1
2230.png,-1,-1,1,1,1
2231.png,3,-1,-1,1,1
2232.png,2,-1,1,1,-1
2233.png,2,-1,1,1,-1
2234.png,5,1,1,-1,-1
2236.png,4,-1,1,1,1
2238.png,5,-1,1,-1,-1
2241.png,3,-1,1,-1,1
2242.png,5,1,-1,-1,1
2243.png,4,-1,-1,1,1
2244.png,2,-1,1,1,-1
2245.png,1,1,1,1,-1
2246.png,1,-1,1,1,1
2247.png,5,1,1,-1,-1
2248.png,2,-1,1,1,-1
2249.png,4,-1,-1,1,1
2250.png,5,1,1,-1,-1
2251.png,-1,-1,1,1,1
2253.png,5,1,1,-1,1
2254.png,-1,-1,1,1,1
2255.png,5,-1,1,-1,-1
2256.png,2,-1,1,1,-1
2257.png,2,1,1,1,-1
2258.png,-1,-1,1,1,1
2259.png,2,1,1,1,-1
2260.png,1,-1,1,1,1
2261.png,4,-1,-1,1,1
2262.png,-1,-1,1,1,1
2263.png,-1,-1,1,-1,1
2264.png,1,1,1,1,-1
2265.png,-1,-1,-1,1,1
2267.png,1,-1,1,1,-1
2268.png,5,1,1,-1,-1
2269.png,3,-1,1,1,1
2270.png,5,-1,1,-1,-1
2271.png,2,-1,1,1,-1
2272.png,3,-1,1,1,-1
2273.png,5,-1,1,-1,-1
2275.png,3,1,1,1,-1
2276.png,5,-1,1,-1,-1
2277.png,1,-1,1,1,-1
2278.png,5,1,1,-1,-1
2280.png,3,-1,-1,1,1
2281.png,3,-1,1,1,-1
2282.png,1,1,1,1,-1
2283.png,3,-1,1,1,1
2285.png,2,-1,1,1,-1
2286.png,4,1,1,1,-1
2288.png,3,1,1,1,-1
2289.png,1,-1,1,1,-1
2290.png,1,-1,1,1,-1
2292.png,-1,-1,-1,1,1
2293.png,-1,-1,1,-1,1
2294.png,0,-1,1,1,1
2295.png,2,1,1,1,-1
2296.png,4,-1,-1,1,1
2297.png,1,-1,1,1,-1
2298.png,-1,1,1,-1,1
2299.png,4,1,1,1,-1
2300.png,1,-1,1,1,-1
2301.png,2,1,1,1,-1
2302.png,5,-1,1,1,1
2303.png,3,1,1,1,-1
2304.png,1,1,1,1,-1
2305.png,2,1,1,1,-1
2306.png,4,-1,1,1,1
2307.png,-1,-1,-1,1,1
2308.png,4,-1,1,1,1
2309.png,-1,-1,-1,1,1
2310.png,3,-1,1,1,-1
2311.png,-1,-1,1,-1,1
2312.png,1,1,1,1,-1
2313.png,4,-1,1,-1,1
2314.png,1,1,1,1,-1
2315.png,1,1,1,1,-1
2316.png,4,-1,1,1,1
2317.png,1,1,1,1,-1
2318.png,4,1,1,1,-1
2319.png,1,-1,1,1,-1
2320.png,3,1,1,1,-1
2321.png,5,-1,1,-1,-1
2322.png,2,-1,1,1,-1
2323.png,1,-1,-1,-1,1
2324.png,-1,-1,1,1,1
2325.png,1,-1,1,1,-1
2326.png,3,-1,-1,-1,1
2327.png,0,-1,1,-1,1
2328.png,1,-1,1,1,1
2329.png,4,1,1,1,-1
2331.png,5,-1,1,-1,-1
2332.png,-1,-1,-1,1,1
2333.png,3,-1,1,1,-1
2334.png,4,-1,1,1,-1
2335.png,3,1,1,1,-1
2336.png,4,-1,1,1,1
2337.png,-1,-1,1,1,1
2338.png,3,1,1,1,-1
2339.png,2,1,1,1,-1
2340.png,4,-1,1,1,1
2341.png,4,-1,1,1,1
2342.png,4,1,1,1,-1
2343.png,3,-1,1,1,-1
2344.png,2,1,1,1,-1
2345.png,3,-1,1,1,-1
2346.png,1,-1,1,1,1
2347.png,0,-1,1,-1,-1
2348.png,4,-1,1,1,-1
2349.png,5,-1,1,-1,-1
2350.png,1,-1,1,1,-1
2351.png,-1,-1,1,1,1
2352.png,4,-1,-1,1,1
2353.png,0,1,1,-1,-1
2354.png,5,-1,1,-1,-1
2355.png,3,-1,1,1,1
2356.png,-1,-1,-1,1,1
2357.png,4,1,1,1,-1
2358.png,5,1,1,-1,-1
2359.png,-1,1,-1,1,1
2360.png,-1,-1,1,1,1
2361.png,1,1,1,1,-1
2362.png,2,-1,1,1,-1
2363.png,4,-1,1,1,1
2364.png,-1,-1,1,1,1
2365.png,2,1,1,1,-1
2366.png,2,-1,1,1,-1
2367.png,1,-1,1,1,-1
2368.png,3,-1,1,1,-1
2369.png,4,-1,1,1,1
2370.png,1,-1,1,1,1
2371.png,5,-1,1,-1,-1
2372.png,5,-1,1,-1,-1
2373.png,1,1,1,1,-1
2375.png,1,-1,-1,1,1
2376.png,5,-1,1,-1,-1
2377.png,-1,-1,-1,1,1
2378.png,3,-1,1,1,1
2379.png,-1,-1,-1,1,1
2380.png,3,-1,1,1,1
2381.png,2,1,1,1,-1
2382.png,2,-1,1,1,-1
2383.png,-1,-1,1,1,1
2384.png,3,-1,1,1,1
2385.png,-1,-1,-1,1,1
2386.png,1,-1,1,1,1
2387.png,-1,-1,1,-1,1
2388.png,5,-1,1,-1,-1
2389.png,4,-1,1,1,1
2390.png,2,1,1,1,-1
2391.png,1,-1,1,1,1
2392.png,4,-1,1,1,-1
2393.png,3,1,1,1,-1
2394.png,3,-1,1,1,-1
2395.png,4,-1,-1,1,1
2396.png,4,-1,1,-1,1
2397.png,1,1,1,1,-1
2398.png,4,-1,1,1,1
2399.png,4,1,1,1,-1
2400.png,1,1,1,1,-1
2401.png,4,-1,-1,-1,1
2402.png,-1,-1,1,1,1
2403.png,-1,-1,-1,1,1
2404.png,5,-1,1,-1,-1
2405.png,4,-1,1,1,1
2407.png,-1,-1,1,1,1
2408.png,3,1,1,1,-1
2409.png,1,1,1,1,-1
2411.png,4,-1,-1,1,1
2412.png,1,1,1,1,-1
2413.png,2,-1,1,1,-1
2415.png,5,-1,1,-1,1
2416.png,4,-1,-1,1,1
2417.png,5,1,1,-1,-1
2418.png,1,-1,1,1,-1
2419.png,4,-1,-1,-1,1
2420.png,1,-1,1,-1,1
2421.png,5,1,1,-1,-1
2422.png,3,-1,1,1,-1
2423.png,4,1,1,1,1
2424.png,2,1,1,1,-1
2425.png,4,-1,1,1,-1
2426.png,3,-1,1,1,1
2428.png,4,-1,-1,1,1
2429.png,3,-1,1,-1,1
2430.png,2,1,1,1,-1
2431.png,3,-1,1,1,1
2432.png,1,1,1,1,-1
2433.png,5,-1,-1,-1,1
2434.png,3,-1,1,1,-1
2435.png,-1,-1,-1,-1,1
2436.png,1,1,1,1,-1
2437.png,5,-1,1,-1,-1
2438.png,2,1,1,1,-1
2440.png,2,-1,1,1,-1
2441.png,1,-1,1,1,1
2442.png,3,-1,1,1,-1
2443.png,0,-1,-1,-1,1
2444.png,-1,-1,1,1,1
2445.png,3,1,1,1,-1
2446.png,4,-1,1,1,-1
2447.png,5,-1,1,-1,-1
2448.png,1,-1,-1,1,1
2449.png,4,1,1,1,-1
2450.png,-1,-1,1,1,1
2451.png,-1,-1,-1,-1,1
2452.png,-1,-1,-1,1,1
2453.png,3,-1,1,1,-1
2454.png,1,-1,-1,1,1
2455.png,3,-1,-1,1,1
2458.png,2,1,1,1,-1
2459.png,-1,-1,-1,1,1
2460.png,3,-1,1,1,-1
2461.png,2,1,1,1,-1
2463.png,3,-1,-1,1,1
2464.png,2,1,1,1,-1
2465.png,1,1,1,1,-1
2466.png,4,-1,1,1,-1
2467.png,4,-1,1,1,-1
2468.png,3,1,1,1,-1
2470.png,2,-1,1,1,-1
2471.png,1,1,1,1,-1
2472.png,3,-1,1,1,1
2474.png,1,1,1,1,-1
2475.png,2,-1,1,1,-1
2476.png,3,1,1,1,-1
2478.png,3,1,1,1,-1
2479.png,3,1,1,1,-1
2480.png,1,-1,1,1,-1
2481.png,1,-1,1,-1,1
2482.png,1,1,1,1,-1
2483.png,3,-1,1,1,1
2484.png,-1,-1,-1,1,1
2488.png,3,-1,1,1,-1
2489.png,4,-1,1,1,-1
2490.png,5,-1,1,-1,-1
2491.png,1,1,1,1,-1
2492.png,2,-1,1,1,-1
2493.png,1,-1,1,1,-1
2494.png,5,-1,1,-1,-1
2495.png,-1,-1,1,1,1
2496.png,5,1,1,-1,-1
2497.png,-1,-1,1,1,1
2498.png,-1,-1,-1,1,1
2499.png,5,-1,1,-1,-1
2500.png,5,1,-1,-1,1
2501.png,3,-1,1,1,-1
2502.png,1,1,1,1,-1
2503.png,1,-1,1,1,-1
2504.png,2,-1,1,1,-1
2505.png,-1,-1,-1,1,1
2506.png,5,1,1,-1,-1
2507.png,1,-1,1,1,1
2508.png,-1,-1,1,1,1
2509.png,3,-1,1,1,-1
2510.png,4,-1,1,1,1
2511.png,-1,-1,-1,1,1
2512.png,1,-1,-1,1,1
2513.png,5,-1,1,-1,-1
2514.png,1,1,1,1,-1
2515.png,3,-1,1,1,-1
2516.png,3,-1,1,1,-1
2517.png,1,-1,1,1,-1
2518.png,3,-1,1,1,1
2519.png,4,-1,1,1,1
2520.png,3,-1,1,1,-1
2521.png,2,-1,1,1,-1
2522.png,3,1,1,1,-1
2523.png,2,-1,1,1,-1
2524.png,1,1,1,1,-1
2525.png,2,1,1,1,-1
2526.png,3,-1,1,1,-1
2527.png,1,-1,1,1,1
2528.png,3,-1,1,1,1
2529.png,3,-1,1,1,-1
2530.png,2,-1,1,1,-1
2531.png,2,1,1,1,-1
2532.png,3,-1,1,1,-1
2534.png,1,-1,1,-1,1
2535.png,-1,-1,-1,1,1
2536.png,4,-1,1,1,-1
2538.png,3,-1,-1,1,1
2540.png,4,-1,1,-1,1
2541.png,3,-1,-1,-1,1
2542.png,3,-1,1,1,-1
2543.png,5,-1,1,-1,-1
2544.png,1,-1,1,1,-1
2545.png,4,-1,-1,1,1
2546.png,-1,-1,1,1,1
2547.png,2,1,1,1,-1
2548.png,5,1,1,-1,-1
2549.png,3,-1,1,1,-1
2550.png,3,1,1,1,-1
2551.png,1,1,1,1,-1
2552.png,3,1,1,1,-1
2553.png,3,-1,-1,1,1
2554.png,0,-1,-1,-1,1
2555.png,3,-1,1,1,-1
2556.png,1,1,1,1,-1
2558.png,5,-1,1,-1,-1
2559.png,2,-1,1,1,-1
2560.png,1,1,1,1,-1
2561.png,0,-1,1,-1,1
2562.png,1,1,1,1,-1
2563.png,1,-1,1,1,-1
2564.png,2,-1,1,1,-1
2565.png,1,-1,-1,1,1
2566.png,3,1,1,1,-1
2567.png,-1,-1,1,1,1
2568.png,3,-1,1,1,1
2570.png,4,-1,-1,1,1
2571.png,3,1,1,1,-1
2572.png,-1,-1,-1,1,1
2573.png,2,1,1,1,-1
2574.png,3,-1,-1,1,1
2576.png,5,-1,1,-1,-1
2577.png,3,1,1,1,-1
2578.png,1,-1,1,1,-1
2579.png,1,-1,1,1,-1
2580.png,4,-1,1,1,1
2581.png,5,-1,1,-1,-1
2582.png,1,-1,1,-1,1
2583.png,1,-1,1,1,1
2584.png,4,-1,1,1,1
2585.png,-1,-1,1,1,1
2586.png,5,-1,1,-1,-1
2587.png,2,1,1,1,-1
2588.png,-1,-1,1,-1,1
2589.png,3,1,1,1,-1
2591.png,3,-1,-1,1,1
2592.png,4,-1,1,1,1
2593.png,-1,-1,1,1,1
2594.png,2,1,1,1,-1
2595.png,3,1,1,1,-1
2596.png,1,-1,1,1,1
2598.png,3,-1,1,1,-1
2599.png,2,-1,1,1,-1
2600.png,5,1,1,-1,-1
2601.png,1,-1,1,1,-1
2602.png,1,-1,1,-1,1
2603.png,1,-1,1,1,-1
2604.png,1,-1,1,1,-1
2605.png,4,1,1,1,-1
2606.png,3,1,1,1,-1
2607.png,5,1,1,-1,-1
2608.png,5,-1,-1,-1,1
2609.png,-1,-1,1,1,1
2610.png,5,-1,-1,-1,1
2611.png,5,-1,1,-1,-1
2612.png,1,1,1,1,-1
2613.png,3,-1,1,1,1
2614.png,4,-1,1,1,-1
2615.png,-1,-1,1,1,1
2616.png,2,-1,1,1,-1
2617.png,1,1,1,1,-1
2618.png,2,1,1,1,-1
2619.png,1,-1,1,-1,1
2620.png,5,-1,-1,-1,1
2621.png,3,-1,1,1,-1
2622.png,4,-1,1,1,-1
2623.png,1,1,1,1,-1
2624.png,1,1,1,1,-1
2625.png,-1,-1,-1,1,1
2627.png,5,1,1,-1,-1
2628.png,2,-1,1,1,-1
2629.png,1,-1,1,1,-1
2630.png,5,-1,1,-1,-1
2631.png,1,1,1,1,-1
2632.png,4,-1,-1,1,1
2633.png,3,-1,1,1,1
2634.png,3,-1,1,1,1
2636.png,1,1,1,1,-1
2637.png,2,-1,1,1,-1
2638.png,1,-1,1,1,-1
2639.png,-1,-1,1,1,1
2640.png,1,-1,1,1,-1
2641.png,-1,-1,1,1,1
2642.png,-1,1,1,-1,1
2643.png,1,-1,1,-1,1
2644.png,1,-1,1,1,1
2645.png,2,-1,1,1,-1
2646.png,3,-1,1,1,-1
2647.png,3,-1,1,1,-1
2648.png,1,-1,1,1,-1
2649.png,3,1,1,1,-1
2650.png,2,1,1,1,-1
2652.png,1,1,1,1,-1
2653.png,3,-1,1,1,-1
2654.png,2,1,1,1,-1
2655.png,5,-1,-1,-1,1
2656.png,1,-1,1,1,-1
2657.png,3,1,1,1,-1
2658.png,3,1,1,1,-1
2659.png,1,-1,1,1,-1
2660.png,4,1,1,1,-1
2661.png,4,1,1,1,-1
2662.png,3,1,1,1,-1
2663.png,3,-1,1,1,1
2664.png,4,1,1,1,-1
2665.png,2,1,1,1,-1
2666.png,5,-1,1,-1,-1
2667.png,5,-1,1,-1,-1
2668.png,2,-1,1,1,-1
2669.png,1,1,1,1,-1
2670.png,4,-1,-1,1,1
2671.png,3,-1,1,-1,1
2672.png,3,1,1,1,1
2673.png,2,1,1,1,-1
2674.png,2,-1,1,1,-1
2675.png,4,-1,1,1,1
2677.png,3,-1,-1,1,1
2678.png,-1,-1,-1,-1,1
2679.png,3,1,1,1,-1
2680.png,3,1,1,1,-1
2681.png,4,-1,1,-1,1
2682.png,2,-1,1,1,-1
2683.png,4,-1,-1,1,1
2684.png,3,-1,1,1,-1
2686.png,4,-1,1,1,-1
2687.png,3,-1,1,1,-1
2688.png,4,-1,1,1,-1
2689.png,2,-1,1,1,-1
2690.png,1,1,1,1,-1
2691.png,5,1,1,-1,-1
2692.png,4,-1,1,1,1
2693.png,3,-1,1,1,-1
2694.png,2,-1,1,1,-1
2695.png,1,-1,1,1,-1
2696.png,4,-1,1,1,-1
2697.png,4,-1,-1,1,1
2698.png,4,-1,-1,1,1
2699.png,4,-1,1,1,1
2700.png,-1,-1,-1,1,1
2701.png,1,1,1,1,1
2702.png,1,-1,1,1,1
2703.png,1,1,1,1,-1
2704.png,3,-1,-1,-1,1
2705.png,3,-1,1,1,-1
2706.png,4,-1,1,1,1
2707.png,4,-1,-1,1,1
2708.png,3,-1,1,1,-1
2709.png,-1,-1,-1,-1,1
2710.png,0,-1,1,-1,1
2711.png,3,-1,-1,1,1
2712.png,3,-1,-1,1,1
2714.png,1,-1,1,1,-1
2715.png,-1,-1,-1,1,1
2716.png,2,-1,1,1,-1
2717.png,1,-1,1,1,1
2718.png,1,1,1,1,-1
2719.png,2,1,1,1,-1
2720.png,1,-1,1,1,-1
2721.png,0,1,1,-1,1
2722.png,3,-1,1,1,-1
2723.png,4,-1,-1,1,1
2724.png,0,1,1,-1,-1
2725.png,1,-1,1,1,-1
2726.png,3,-1,1,1,1
2727.png,4,1,1,1,1
2728.png,2,-1,1,1,-1
2729.png,4,-1,-1,1,1
2730.png,-1,-1,1,1,1
2731.png,1,-1,1,1,-1
2732.png,5,-1,1,-1,-1
2733.png,1,-1,1,-1,1
2734.png,5,-1,1,-1,-1
2735.png,2,-1,1,1,-1
2736.png,-1,-1,-1,1,1
2737.png,1,1,1,1,-1
2739.png,3,-1,1,1,-1
2740.png,2,-1,1,1,-1
2741.png,1,-1,-1,1,1
2742.png,1,-1,1,-1,1
2743.png,3,1,1,1,-1
2744.png,2,1,1,1,-1
2745.png,2,1,1,1,-1
2746.png,1,1,1,1,-1
2748.png,5,1,1,-1,-1
2749.png,2,-1,1,1,-1
2750.png,4,-1,-1,1,1
2751.png,3,-1,1,1,-1
2753.png,0,-1,-1,1,1
2754.png,-1,-1,1,1,1
2755.png,5,1,1,-1,-1
2756.png,3,-1,1,1,-1
2757.png,5,1,1,-1,-1
2758.png,-1,-1,-1,1,1
2759.png,1,1,1,1,-1
2760.png,5,-1,1,-1,-1
2761.png,3,1,1,1,-1
2762.png,1,-1,1,1,-1
2764.png,4,-1,-1,1,1
2766.png,0,-1,1,-1,-1
2767.png,5,-1,1,-1,-1
2768.png,5,1,1,-1,-1
2769.png,4,-1,-1,1,1
2770.png,1,1,1,1,-1
2771.png,4,1,1,1,-1
2773.png,4,-1,1,1,-1
2774.png,2,-1,1,1,-1
2775.png,5,-1,1,-1,-1
2777.png,3,-1,1,1,-1
2778.png,1,-1,1,1,-1
2779.png,-1,-1,1,-1,1
2780.png,-1,-1,1,1,1
2781.png,0,-1,1,1,1
2784.png,1,-1,-1,1,1
2785.png,1,-1,1,1,-1
2787.png,1,-1,1,1,-1
2788.png,-1,-1,-1,-1,1
2789.png,-1,-1,-1,1,1
2790.png,3,-1,-1,1,1
2791.png,0,-1,1,-1,1
2792.png,3,-1,1,1,-1
2793.png,1,-1,1,1,1
2794.png,-1,-1,1,1,1
2795.png,2,-1,1,1,-1
2796.png,3,1,1,1,-1
2797.png,5,-1,1,-1,-1
2798.png,4,-1,1,-1,1
2799.png,4,-1,-1,-1,1
2800.png,2,-1,1,1,-1
2801.png,3,-1,1,1,1
2802.png,2,1,1,1,-1
2803.png,2,-1,1,1,-1
2804.png,3,-1,1,1,-1
2805.png,-1,-1,1,-1,1
2806.png,2,-1,1,1,-1
2807.png,1,1,1,1,-1
2808.png,4,-1,1,1,1
2809.png,-1,-1,-1,1,1
2810.png,-1,1,1,-1,1
2811.png,4,-1,1,1,1
2812.png,-1,1,-1,-1,1
2813.png,3,-1,1,1,-1
2814.png,4,1,1,1,-1
2815.png,4,-1,1,1,-1
2816.png,-1,-1,-1,1,1
2817.png,1,-1,1,1,-1
2818.png,3,1,1,1,-1
2819.png,-1,-1,1,1,1
2820.png,1,1,1,1,-1
2821.png,5,-1,1,-1,-1
2822.png,2,1,1,1,-1
2823.png,4,-1,-1,1,1
2824.png,3,-1,1,1,1
2825.png,2,1,1,1,-1
2827.png,1,-1,1,-1,1
2828.png,-1,-1,-1,1,1
2829.png,-1,-1,-1,1,1
2830.png,5,1,-1,-1,1
2832.png,4,-1,1,1,-1
2833.png,0,-1,1,-1,1
2834.png,5,1,1,-1,-1
2836.png,2,-1,1,1,-1
2837.png,-1,-1,-1,1,1
2838.png,5,-1,1,-1,-1
2839.png,4,-1,1,1,-1
2840.png,1,-1,1,1,-1
2841.png,1,-1,1,1,-1
2842.png,1,-1,-1,1,1
2843.png,2,-1,1,1,-1
2844.png,5,1,1,-1,-1
2845.png,2,1,1,1,-1
2846.png,4,-1,1,-1,1
2847.png,1,1,1,1,-1
2848.png,2,-1,1,1,-1
2849.png,3,-1,1,1,1
2850.png,1,-1,1,1,-1
2851.png,-1,-1,1,1,1
2852.png,-1,-1,-1,1,1
2853.png,3,-1,-1,1,1
2854.png,5,1,1,-1,-1
2855.png,5,1,1,-1,1
2856.png,1,-1,1,1,-1
2857.png,3,-1,-1,1,1
2858.png,1,1,1,1,-1
2860.png,3,-1,1,1,-1
2861.png,4,-1,1,1,-1
2862.png,4,-1,1,1,-1
2863.png,3,-1,1,1,-1
2864.png,5,1,1,-1,-1
2865.png,2,1,1,1,-1
2866.png,3,-1,1,1,1
2867.png,1,1,1,1,-1
2868.png,3,-1,-1,1,1
2871.png,3,-1,1,1,-1
2872.png,2,-1,1,1,-1
2873.png,4,-1,1,1,-1
2874.png,5,1,1,-1,-1
2875.png,2,1,1,1,-1
2876.png,0,-1,1,-1,-1
2877.png,5,-1,1,-1,-1
2878.png,1,-1,1,1,-1
2879.png,3,-1,-1,1,1
2880.png,1,1,1,1,-1
2881.png,1,1,1,1,-1
2883.png,-1,-1,1,1,1
2884.png,1,-1,1,1,-1
2885.png,5,1,1,-1,-1
2887.png,1,-1,1,1,1
2889.png,5,-1,1,-1,-1
2890.png,4,-1,1,1,-1
2891.png,-1,-1,-1,1,1
2892.png,2,1,1,1,-1
2893.png,4,-1,-1,1,1
2894.png,2,1,1,1,-1
2895.png,1,-1,1,1,-1
2896.png,4,-1,-1,1,1
2897.png,5,-1,1,-1,-1
2898.png,3,-1,1,1,-1
2899.png,5,-1,1,-1,-1
2900.png,0,-1,1,-1,-1
2901.png,1,-1,1,1,-1
2902.png,3,-1,-1,1,1
2903.png,2,1,1,1,-1
2904.png,3,1,1,1,-1
2905.png,5,-1,1,-1,-1
2906.png,3,-1,-1,1,1
2907.png,2,-1,1,1,-1
2908.png,-1,-1,1,1,1
2909.png,5,-1,1,-1,1
2910.png,5,-1,1,-1,-1
2911.png,3,-1,-1,1,1
2913.png,3,1,1,1,-1
2914.png,1,-1,-1,1,1
2916.png,2,-1,1,1,-1
2917.png,3,-1,1,1,-1
2918.png,2,-1,1,1,-1
2919.png,3,-1,-1,1,1
2920.png,-1,1,-1,-1,1
2921.png,1,-1,1,1,-1
2922.png,5,1,1,-1,-1
2923.png,1,-1,1,1,-1
2924.png,3,-1,-1,1,1
2925.png,1,-1,1,1,-1
2926.png,3,-1,1,1,1
2927.png,4,1,1,1,-1
2928.png,-1,-1,-1,1,1
2929.png,3,1,1,1,-1
2930.png,4,1,1,1,-1
2931.png,4,-1,1,1,-1
2932.png,2,1,1,1,-1
2933.png,3,-1,1,1,-1
2934.png,-1,1,-1,1,1
2935.png,0,1,-1,1,1
2936.png,1,-1,1,1,-1
2937.png,1,1,1,1,-1
2938.png,2,-1,1,1,-1
2939.png,4,-1,-1,1,1
2940.png,1,-1,1,1,-1
2941.png,-1,-1,1,1,1
2942.png,-1,-1,-1,1,1
2943.png,4,1,1,1,-1
2944.png,3,1,1,1,-1
2945.png,1,1,1,1,-1
2946.png,2,-1,1,1,-1
2947.png,1,-1,1,1,-1
2948.png,0,-1,1,1,1
2949.png,1,-1,-1,1,1
2950.png,2,-1,1,1,-1
2951.png,4,1,1,1,-1
2952.png,4,-1,1,1,-1
2953.png,4,-1,1,1,1
2954.png,1,1,1,1,-1
2955.png,2,-1,1,1,-1
2956.png,3,1,1,1,-1
2957.png,-1,1,1,1,1
2958.png,3,-1,1,1,1
2959.png,1,-1,1,1,-1
2960.png,4,1,1,1,-1
2961.png,3,-1,1,1,1
2962.png,1,-1,-1,1,1
2963.png,3,-1,1,1,-1
2964.png,1,1,1,1,-1
2965.png,5,1,1,-1,-1
2966.png,0,-1,1,-1,-1
2967.png,3,-1,-1,-1,1
2968.png,1,-1,1,1,1
2969.png,4,1,1,1,-1
2970.png,-1,-1,-1,1,1
2971.png,2,1,1,1,-1
2972.png,5,1,1,-1,-1
2973.png,1,-1,1,1,-1
2974.png,5,-1,1,-1,-1
2975.png,3,-1,1,1,-1
2976.png,5,-1,1,-1,-1
2977.png,-1,-1,1,-1,1
2978.png,5,1,1,-1,-1
2979.png,3,-1,1,1,1
2980.png,1,-1,1,1,-1
2981.png,1,-1,1,1,-1
2982.png,2,1,1,1,-1
2984.png,-1,-1,-1,1,1
2985.png,1,-1,1,1,1
2986.png,1,-1,1,1,-1
2987.png,2,-1,1,1,-1
2988.png,1,-1,1,1,-1
2989.png,1,-1,1,1,-1
2990.png,1,1,1,1,-1
2992.png,3,1,1,1,-1
2993.png,1,-1,1,1,1
2994.png,3,1,1,1,-1
2995.png,2,-1,1,1,-1
2996.png,4,-1,1,1,1
2997.png,3,1,1,1,-1
2998.png,-1,-1,1,1,1
2999.png,1,-1,-1,1,1
3000.png,1,-1,1,1,1
3001.png,3,-1,-1,1,1
3002.png,-1,-1,-1,1,1
3003.png,3,-1,1,1,1
3004.png,3,-1,1,1,-1
3005.png,-1,-1,-1,1,1
3006.png,2,-1,1,1,-1
3007.png,-1,-1,1,1,1
3008.png,3,-1,1,1,-1
3009.png,5,-1,1,-1,-1
3010.png,2,-1,1,1,-1
3011.png,-1,-1,-1,-1,1
3012.png,-1,-1,-1,1,1
3013.png,4,-1,1,1,1
3014.png,1,-1,1,1,-1
3015.png,-1,-1,1,1,1
3016.png,-1,-1,-1,1,1
3017.png,3,-1,-1,1,1
3018.png,4,-1,-1,1,1
3019.png,-1,-1,-1,1,1
3020.png,2,-1,1,1,-1
3021.png,4,1,1,1,-1
3022.png,4,1,-1,1,1
3023.png,4,-1,-1,1,1
3024.png,2,1,1,1,-1
3025.png,4,-1,-1,-1,1
3026.png,1,-1,1,1,-1
3027.png,1,-1,1,1,-1
3028.png,-1,-1,1,1,1
3029.png,-1,-1,-1,-1,1
3030.png,3,1,1,1,-1
3031.png,3,-1,1,1,1
3032.png,2,-1,1,1,-1
3033.png,-1,-1,1,-1,1
3035.png,3,-1,-1,-1,1
3036.png,3,-1,1,1,-1
3038.png,0,-1,1,-1,1
3039.png,1,-1,1,1,-1
3040.png,5,-1,1,-1,-1
3041.png,1,1,1,1,-1
3042.png,1,1,1,1,-1
3043.png,-1,-1,-1,1,1
3045.png,1,-1,1,1,1
3046.png,3,-1,1,1,-1
3047.png,2,1,1,1,-1
3048.png,4,-1,1,1,1
3049.png,1,-1,1,1,1
3050.png,2,-1,1,1,-1
3052.png,2,-1,1,1,-1
3053.png,4,1,1,1,1
3055.png,2,1,1,1,-1
3056.png,-1,-1,-1,1,1
3057.png,2,-1,1,1,-1
3058.png,1,-1,1,1,-1
3059.png,2,-1,1,1,-1
3060.png,4,-1,-1,1,1
3061.png,2,-1,1,1,-1
3062.png,4,1,1,1,-1
3063.png,3,1,1,1,-1
3064.png,1,-1,1,1,-1
3065.png,2,1,1,1,-1
3066.png,-1,-1,-1,1,1
3068.png,-1,-1,-1,1,1
3069.png,1,-1,1,1,-1
3071.png,1,1,1,1,-1
3072.png,4,-1,1,-1,1
3073.png,1,1,1,1,-1
3074.png,-1,-1,1,1,1
3075.png,1,-1,-1,1,1
3076.png,1,-1,1,1,-1
3077.png,4,-1,-1,1,1
3078.png,4,-1,1,1,1
3079.png,4,-1,1,1,1
3080.png,1,1,1,1,-1
3081.png,2,1,1,1,-1
3082.png,5,1,1,-1,-1
3083.png,1,-1,1,1,-1
3084.png,-1,-1,1,1,1
3085.png,5,-1,1,-1,1
3087.png,1,1,1,1,-1
3088.png,1,-1,1,1,-1
3089.png,3,1,1,1,-1
3090.png,1,-1,1,1,-1
3091.png,3,-1,1,1,-1
3092.png,2,-1,1,1,-1
3093.png,5,1,1,-1,-1
3094.png,1,-1,1,1,-1
3095.png,3,-1,1,1,-1
3096.png,-1,1,-1,1,1
3097.png,3,-1,1,1,1
3098.png,2,1,1,1,-1
3100.png,0,-1,1,1,1
3101.png,1,-1,1,1,-1
3102.png,2,-1,1,1,-1
3103.png,4,-1,-1,1,1
3106.png,1,-1,-1,1,1
3107.png,1,-1,1,1,-1
3108.png,3,1,1,1,-1
3109.png,-1,-1,1,-1,1
3110.png,1,-1,-1,1,1
3111.png,4,-1,1,1,1
3112.png,4,-1,1,-1,1
3113.png,0,-1,-1,-1,1
3114.png,5,-1,1,-1,-1
3116.png,-1,-1,-1,1,1
3117.png,1,-1,1,1,-1
3118.png,5,-1,1,-1,-1
3119.png,-1,-1,1,1,1
3120.png,3,-1,1,1,-1
3121.png,4,-1,-1,1,1
3122.png,1,1,1,1,-1
3123.png,5,1,1,-1,-1
3124.png,3,-1,1,1,-1
3125.png,3,-1,1,1,1
3126.png,1,-1,1,1,-1
3127.png,5,-1,1,-1,-1
3128.png,1,-1,-1,-1,1
3129.png,3,-1,1,1,1
3130.png,2,-1,1,1,-1
3131.png,3,1,1,1,-1
3132.png,5,1,1,-1,-1
3133.png,-1,-1,1,1,1
3134.png,0,1,1,-1,1
3135.png,-1,-1,1,1,1
3136.png,4,-1,1,1,-1
3137.png,4,-1,-1,1,1
3138.png,3,-1,1,1,-1
3139.png,5,1,1,-1,-1
3140.png,5,-1,1,-1,-1
3141.png,-1,-1,-1,-1,1
3142.png,3,-1,-1,1,1
3143.png,3,-1,1,1,1
3144.png,2,-1,1,1,-1
3145.png,4,-1,1,1,-1
3146.png,5,1,1,-1,-1
3147.png,4,-1,1,1,-1
3148.png,4,-1,1,1,1
3149.png,2,1,1,1,-1
3150.png,2,1,1,1,-1
3151.png,-1,-1,1,1,1
3152.png,1,1,1,1,-1
3153.png,3,-1,1,1,1
3154.png,3,-1,1,1,-1
3155.png,5,1,1,-1,1
3157.png,-1,-1,-1,-1,1
3158.png,4,-1,1,1,1
3159.png,4,1,1,1,-1
3160.png,1,-1,1,1,1
3161.png,5,-1,1,-1,-1
3162.png,-1,-1,1,-1,1
3163.png,3,-1,1,1,1
3164.png,3,-1,-1,1,1
3165.png,-1,-1,1,1,1
3166.png,2,-1,1,1,-1
3167.png,2,-1,1,1,-1
3168.png,4,1,1,1,-1
3169.png,-1,1,1,1,1
3170.png,1,-1,1,1,-1
3171.png,1,1,1,1,-1
3172.png,3,1,1,1,-1
3173.png,1,-1,-1,1,1
3174.png,3,-1,1,1,-1
3176.png,5,-1,1,-1,-1
3177.png,1,-1,1,1,-1
3178.png,-1,-1,-1,1,1
3179.png,1,-1,-1,1,1
3180.png,4,-1,1,1,1
3181.png,2,-1,1,1,-1
3182.png,3,-1,1,1,-1
3184.png,3,-1,-1,1,1
3185.png,4,-1,1,1,1
3186.png,5,-1,1,-1,-1
3187.png,0,-1,1,-1,1
3188.png,3,-1,1,-1,1
3189.png,2,-1,1,1,-1
3190.png,5,-1,1,-1,-1
3191.png,1,-1,1,1,-1
3192.png,5,-1,1,-1,-1
3193.png,3,-1,1,1,-1
3194.png,3,-1,1,1,-1
3195.png,-1,-1,-1,-1,1
3196.png,3,1,1,1,-1
3197.png,4,-1,-1,1,1
3198.png,3,1,1,1,-1
3199.png,3,-1,-1,1,1
3200.png,1,-1,1,1,-1
3201.png,1,1,1,1,-1
3202.png,5,-1,1,-1,-1
3203.png,1,-1,1,1,-1
3204.png,3,-1,1,1,-1
3205.png,5,1,1,-1,-1
3206.png,4,-1,-1,1,1
3207.png,4,-1,1,1,-1
3208.png,5,-1,1,-1,-1
3209.png,2,-1,1,1,-1
3210.png,3,-1,1,1,-1
3211.png,1,-1,1,1,1
3212.png,4,-1,-1,-1,1
3213.png,4,1,1,1,-1
3214.png,1,-1,1,1,-1
3215.png,4,-1,1,1,1
3216.png,3,-1,1,1,-1
3217.png,5,1,1,-1,1
3218.png,-1,-1,-1,-1,1
3219.png,4,-1,1,-1,1
3220.png,-1,-1,-1,1,1
3221.png,-1,-1,-1,1,1
3222.png,3,1,1,1,-1
3223.png,5,-1,1,-1,-1
3224.png,2,-1,1,1,-1
3225.png,1,-1,1,1,-1
3226.png,3,-1,1,1,1
3227.png,3,1,1,1,-1
3228.png,3,-1,1,1,-1
3229.png,1,1,1,1,-1
3230.png,3,-1,1,1,-1
3231.png,5,1,1,-1,-1
3232.png,3,1,1,1,-1
3233.png,5,-1,1,-1,1
3234.png,1,1,1,1,-1
3235.png,-1,1,1,1,1
3236.png,4,-1,1,1,1
3237.png,1,1,1,1,-1
3238.png,5,-1,1,-1,-1
3239.png,3,-1,1,1,1
3240.png,-1,-1,1,1,1
3241.png,5,1,1,-1,-1
3242.png,1,-1,1,-1,1
3243.png,4,-1,1,1,-1
3244.png,2,1,1,1,-1
3245.png,5,-1,1,-1,-1
3246.png,4,-1,1,1,-1
3247.png,4,-1,1,1,-1
3248.png,3,-1,1,1,-1
3249.png,2,-1,1,1,-1
3250.png,4,-1,-1,-1,1
3251.png,-1,-1,-1,-1,1
3252.png,0,-1,1,-1,1
3253.png,4,-1,1,1,-1
3254.png,1,1,1,1,-1
3255.png,4,-1,-1,1,1
3256.png,3,-1,1,1,1
3257.png,3,1,1,1,-1
3259.png,1,-1,1,1,-1
3260.png,-1,-1,1,-1,1
3261.png,0,1,1,-1,-1
3262.png,1,1,1,1,-1
3263.png,1,-1,1,1,-1
3266.png,5,-1,1,-1,-1
3267.png,-1,1,1,1,1
3268.png,0,1,1,-1,-1
3269.png,4,-1,1,1,1
3270.png,-1,-1,-1,1,1
3271.png,4,-1,-1,-1,1
3272.png,1,-1,1,1,-1
3273.png,1,-1,1,1,-1
3274.png,-1,-1,1,1,1
3275.png,3,1,1,1,-1
3276.png,3,-1,1,1,1
3277.png,3,-1,-1,1,1
3278.png,0,1,1,-1,-1
3279.png,1,-1,-1,1,1
3280.png,4,-1,1,1,-1
3281.png,-1,1,-1,1,1
3282.png,2,-1,1,1,-1
3284.png,4,-1,1,1,-1
3285.png,2,1,1,1,-1
3286.png,2,1,1,1,-1
3287.png,0,-1,-1,-1,1
3288.png,1,1,1,1,-1
3289.png,1,1,1,1,-1
3290.png,2,1,1,1,-1
3291.png,1,-1,1,1,1
3292.png,5,-1,1,-1,-1
3293.png,5,-1,1,-1,-1
3294.png,4,-1,1,1,-1
3295.png,1,1,1,1,-1
3296.png,-1,1,-1,-1,1
3298.png,1,1,1,1,-1
3299.png,-1,-1,-1,1,1
3300.png,2,1,1,1,-1
3301.png,1,-1,1,1,-1
3302.png,2,1,1,1,-1
3304.png,2,-1,1,1,-1
3305.png,1,-1,1,-1,1
3306.png,4,-1,1,1,1
3307.png,1,1,1,1,-1
3308.png,1,-1,1,1,-1
3309.png,3,-1,1,1,1
3310.png,4,-1,-1,1,1
3311.png,-1,-1,-1,1,1
3312.png,4,-1,1,1,1
3313.png,1,1,1,1,-1
3314.png,2,1,1,1,-1
3315.png,1,1,1,1,-1
3316.png,-1,-1,1,1,1
3317.png,-1,-1,-1,-1,1
3318.png,3,-1,1,-1,1
3319.png,2,1,1,1,-1
3320.png,5,-1,1,-1,-1
3321.png,2,-1,1,1,-1
3323.png,5,1,1,-1,-1
3325.png,4,-1,-1,1,1
3327.png,5,1,1,-1,-1
3328.png,-1,-1,-1,1,1
3329.png,2,1,1,1,-1
3330.png,0,-1,1,-1,1
3331.png,1,-1,-1,1,1
3332.png,2,1,1,1,-1
3333.png,5,-1,1,-1,-1
3334.png,1,-1,1,1,-1
3336.png,4,-1,1,1,1
3337.png,3,-1,1,1,1
3338.png,2,1,1,1,-1
3340.png,1,-1,1,1,-1
3341.png,3,-1,-1,1,1
3342.png,5,1,1,-1,1
3343.png,1,1,1,1,-1
3344.png,4,1,1,1,-1
3345.png,-1,1,-1,-1,1
3346.png,-1,-1,1,-1,1
3347.png,4,-1,1,1,1
3348.png,4,-1,-1,1,1
3349.png,3,1,1,1,-1
3351.png,3,-1,1,1,-1
3352.png,-1,-1,-1,1,1
3353.png,2,-1,1,1,-1
3354.png,3,-1,1,1,-1
3355.png,4,-1,1,1,1
3356.png,3,-1,1,1,-1
3358.png,-1,-1,-1,1,1
3359.png,3,-1,-1,-1,1
3361.png,3,-1,1,1,-1
3362.png,5,1,1,-1,-1
3363.png,-1,-1,-1,1,1
3365.png,1,-1,1,1,-1
3366.png,2,1,1,1,-1
3367.png,1,-1,-1,1,1
3368.png,1,-1,1,1,1
3369.png,3,-1,1,1,-1
3370.png,-1,-1,-1,-1,1
3371.png,-1,-1,1,1,1
3372.png,-1,-1,-1,1,1
3373.png,1,-1,1,1,-1
3374.png,1,1,1,1,-1
3376.png,3,-1,-1,1,1
3377.png,2,-1,1,1,-1
3378.png,1,-1,-1,1,1
3379.png,5,-1,1,-1,-1
3380.png,4,-1,1,1,-1
3381.png,4,-1,1,1,1
3382.png,1,1,1,1,-1
3383.png,5,1,-1,-1,1
3384.png,2,1,1,1,-1
3385.png,1,-1,1,1,-1
3386.png,-1,-1,-1,1,1
3387.png,4,-1,-1,-1,1
3388.png,1,1,1,1,-1
3390.png,1,-1,1,1,-1
3391.png,3,1,1,1,-1
3392.png,1,-1,1,1,-1
3393.png,5,1,1,-1,-1
3394.png,5,-1,1,-1,-1
3395.png,0,1,1,-1,-1
3396.png,2,-1,1,1,-1
3397.png,4,-1,1,1,1
3399.png,3,-1,1,1,1
3400.png,-1,-1,-1,-1,1
3401.png,3,-1,1,1,-1
3403.png,-1,-1,-1,1,1
3404.png,5,1,1,-1,-1
3405.png,-1,-1,1,1,1
3406.png,-1,-1,-1,1,1
3407.png,4,-1,-1,1,1
3408.png,1,-1,1,1,-1
3409.png,1,-1,1,1,-1
3410.png,2,-1,1,1,-1
3411.png,-1,-1,1,1,1
3412.png,1,-1,1,1,-1
3413.png,1,-1,1,-1,1
3414.png,5,1,1,-1,-1
3415.png,0,-1,-1,-1,1
3417.png,2,1,1,1,-1
3418.png,5,1,1,-1,-1
3419.png,4,-1,1,1,1
3420.png,2,-1,1,1,-1
3421.png,2,-1,1,1,-1
3422.png,4,-1,1,1,1
3423.png,1,-1,1,-1,1
3424.png,3,-1,-1,1,1
3426.png,2,1,1,1,-1
3427.png,3,-1,-1,1,1
3428.png,5,1,1,-1,-1
3429.png,5,1,1,-1,-1
3430.png,3,-1,1,1,-1
3431.png,4,-1,1,1,1
3432.png,1,-1,1,1,-1
3433.png,-1,-1,1,1,1
3434.png,4,-1,-1,1,1
3435.png,1,-1,1,1,-1
3436.png,4,-1,1,1,-1
3437.png,-1,-1,1,1,1
3439.png,1,1,1,1,-1
3440.png,-1,-1,1,1,1
3442.png,5,1,1,-1,-1
3444.png,3,-1,1,1,1
3445.png,5,-1,1,-1,-1
3446.png,4,-1,1,1,1
3447.png,1,-1,1,1,-1
3448.png,1,1,1,1,-1
3449.png,3,-1,1,1,-1
3450.png,4,-1,-1,1,1
3451.png,2,1,1,1,-1
3453.png,3,-1,1,1,1
3454.png,2,-1,1,1,-1
3455.png,1,1,1,1,-1
3456.png,4,-1,-1,1,1
3457.png,2,1,1,1,-1
3459.png,3,-1,1,1,1
3460.png,-1,-1,-1,-1,1
3462.png,1,-1,1,1,1
3463.png,1,1,1,1,-1
3464.png,2,1,1,1,-1
3465.png,5,-1,1,-1,-1
3466.png,2,-1,1,1,-1
3467.png,1,-1,1,1,-1
3468.png,1,1,1,1,-1
3469.png,4,-1,1,1,1
3470.png,5,-1,1,-1,-1
3471.png,1,-1,1,1,-1
3472.png,2,1,1,1,-1
3473.png,3,-1,-1,1,1
3474.png,4,-1,1,1,-1
3475.png,3,-1,1,1,1
3476.png,-1,-1,1,1,1
3477.png,3,1,1,1,-1
3478.png,1,-1,1,1,-1
3479.png,4,-1,1,1,1
3480.png,1,-1,-1,1,1
3481.png,-1,-1,-1,1,1
3482.png,4,-1,1,1,-1
3483.png,5,-1,1,-1,-1
3484.png,4,-1,1,1,1
3485.png,-1,-1,-1,1,1
3486.png,3,-1,1,1,1
3487.png,3,1,1,1,-1
3488.png,5,-1,1,-1,1
3490.png,5,1,1,-1,-1
3491.png,2,-1,1,1,-1
3492.png,4,-1,1,1,1
3493.png,5,1,1,-1,-1
3494.png,3,1,1,1,-1
3495.png,4,1,1,1,-1
3496.png,1,-1,-1,1,1
3497.png,3,1,1,1,-1
3498.png,4,-1,1,1,1
3499.png,4,1,1,1,-1
3500.png,2,-1,1,1,-1
3501.png,4,-1,1,1,1
3502.png,2,-1,1,1,-1
3504.png,3,-1,1,1,-1
3505.png,-1,1,1,1,1
3506.png,1,-1,-1,1,1
3507.png,5,1,1,-1,-1
3508.png,1,-1,1,1,-1
3509.png,1,-1,1,1,-1
3510.png,3,1,1,1,-1
3511.png,3,1,1,1,-1
3512.png,3,-1,1,1,1
3513.png,1,-1,-1,1,1
3514.png,2,-1,1,1,-1
3515.png,-1,-1,-1,1,1
3517.png,4,-1,1,1,1
3518.png,3,1,1,1,-1
3519.png,3,-1,1,1,-1
3520.png,4,-1,1,-1,1
3521.png,5,-1,1,-1,-1
3522.png,4,1,1,1,-1
3523.png,5,1,1,-1,-1
3524.png,-1,-1,-1,-1,1
3526.png,4,1,1,-1,1
3527.png,-1,-1,-1,1,1
3528.png,1,-1,1,1,-1
3529.png,1,-1,1,1,-1
3530.png,5,-1,-1,-1,1
3531.png,4,-1,-1,1,1
3532.png,4,1,1,1,-1
3533.png,1,1,1,1,-1
3534.png,3,-1,1,1,-1
3535.png,3,-1,1,1,-1
3536.png,1,-1,1,1,1
3537.png,4,-1,1,1,-1
3538.png,3,-1,1,1,1
3539.png,4,-1,-1,1,1
3540.png,1,-1,1,1,1
3541.png,5,1,1,-1,-1
3542.png,4,-1,-1,1,1
3543.png,4,-1,1,1,1
3544.png,5,-1,1,-1,-1
3545.png,1,-1,-1,1,1
3546.png,3,-1,-1,1,1
3547.png,1,1,1,1,-1
3548.png,-1,-1,-1,1,1
3549.png,2,1,1,1,-1
3550.png,1,-1,1,1,-1
3551.png,3,-1,1,1,1
3552.png,1,1,1,1,-1
3553.png,4,-1,-1,1,1
3554.png,1,-1,-1,1,1
3555.png,-1,-1,-1,-1,1
3556.png,4,-1,1,1,-1
3557.png,4,1,1,1,-1
3558.png,3,-1,1,1,-1
3559.png,5,1,-1,-1,1
3560.png,3,-1,1,1,1
3561.png,2,-1,1,1,-1
3562.png,4,-1,1,1,-1
3563.png,5,1,1,-1,-1
3565.png,-1,-1,1,1,1
3567.png,5,-1,1,-1,1
3568.png,-1,-1,1,-1,1
3569.png,4,-1,1,1,-1
3570.png,3,-1,1,1,-1
3571.png,-1,-1,1,1,1
3572.png,2,-1,1,1,-1
3573.png,4,1,1,1,-1
3575.png,3,-1,1,1,-1
3576.png,1,-1,-1,1,1
3577.png,1,-1,-1,1,1
3578.png,-1,-1,-1,1,1
3579.png,1,1,1,1,-1
3581.png,4,-1,1,1,1
3582.png,2,1,1,1,-1
3583.png,1,-1,1,1,-1
3584.png,5,-1,1,-1,-1
3585.png,3,-1,-1,1,1
3586.png,2,-1,1,1,-1
3588.png,4,-1,1,1,1
3589.png,4,-1,-1,1,1
3590.png,2,1,1,1,-1
3591.png,0,-1,1,-1,-1
3592.png,5,-1,1,-1,-1
3593.png,5,-1,1,-1,-1
3594.png,3,1,1,1,-1
3595.png,3,-1,1,1,1
3597.png,2,-1,1,1,-1
3598.png,1,-1,1,1,-1
3599.png,1,-1,1,1,-1
3600.png,5,1,-1,-1,1
3601.png,4,1,1,1,-1
3602.png,3,1,1,1,1
3603.png,5,-1,1,-1,-1
3604.png,5,1,1,-1,-1
3605.png,4,-1,-1,1,1
3606.png,-1,-1,1,1,1
3607.png,3,-1,1,1,-1
3608.png,5,1,1,-1,-1
3609.png,1,-1,1,1,-1
3610.png,3,-1,1,1,1
3611.png,-1,-1,1,1,1
3612.png,1,-1,1,1,1
3613.png,4,-1,1,1,-1
3614.png,3,-1,1,1,-1
3615.png,1,1,1,1,-1
3616.png,1,1,1,1,-1
3617.png,2,1,1,1,-1
3618.png,4,-1,1,1,1
3619.png,3,1,1,1,-1
3621.png,2,1,1,1,-1
3622.png,2,1,1,1,-1
3623.png,5,-1,1,-1,-1
3624.png,3,1,1,1,-1
3625.png,2,1,1,1,-1
3626.png,5,-1,1,-1,-1
3628.png,3,-1,1,1,1
3629.png,1,-1,-1,1,1
3630.png,-1,-1,-1,-1,1
3631.png,1,-1,-1,1,1
3632.png,1,-1,1,-1,1
3633.png,4,1,1,1,-1
3634.png,3,-1,-1,1,1
3635.png,-1,-1,1,1,1
3636.png,-1,-1,1,1,1
3637.png,3,-1,1,1,-1
3638.png,1,-1,1,1,-1
3639.png,1,-1,1,1,-1
3640.png,2,-1,1,1,-1
3641.png,4,-1,1,1,-1
3642.png,3,-1,1,1,1
3643.png,5,-1,1,-1,-1
3644.png,-1,1,1,-1,1
3645.png,0,1,1,-1,1
3646.png,2,-1,1,1,-1
3647.png,2,-1,1,1,-1
3648.png,2,1,1,1,-1
3649.png,5,1,1,-1,-1
3650.png,3,-1,1,1,1
3651.png,0,-1,-1,-1,1
3653.png,-1,-1,1,-1,1
3655.png,3,-1,1,1,1
3656.png,4,-1,-1,1,1
3657.png,5,-1,1,-1,1
3658.png,3,-1,1,1,-1
3659.png,-1,-1,-1,1,1
3661.png,-1,-1,1,1,1
3662.png,4,-1,1,1,-1
3663.png,5,1,1,-1,-1
3664.png,1,1,1,1,-1
3665.png,5,1,1,-1,-1
3666.png,-1,1,-1,1,1
3668.png,2,-1,1,1,-1
3670.png,-1,-1,1,-1,1
3671.png,3,-1,1,1,-1
3672.png,3,-1,-1,1,1
3673.png,5,1,1,-1,1
3674.png,2,1,1,1,-1
3675.png,2,-1,1,1,-1
3676.png,5,-1,1,-1,-1
3677.png,5,1,1,-1,-1
3678.png,4,-1,1,1,-1
3679.png,3,-1,1,1,1
3680.png,2,1,1,1,-1
3681.png,3,-1,1,-1,1
3682.png,1,-1,1,1,-1
3683.png,5,-1,1,-1,-1
3684.png,3,1,1,1,-1
3685.png,2,-1,1,1,-1
3686.png,2,1,1,1,-1
3687.png,3,-1,1,1,1
3688.png,3,-1,1,1,1
3689.png,5,1,1,-1,-1
3690.png,-1,-1,-1,1,1
3691.png,3,-1,1,1,1
3692.png,4,-1,-1,1,1
3693.png,3,-1,1,1,-1
3694.png,3,-1,1,1,-1
3695.png,5,1,1,-1,-1
3696.png,1,-1,1,1,-1
3697.png,4,-1,1,1,1
3698.png,1,-1,1,1,-1
3699.png,2,-1,1,1,-1
3700.png,1,1,1,1,-1
3701.png,2,-1,1,1,-1
3702.png,4,-1,1,1,-1
3703.png,5,-1,1,-1,-1
3704.png,2,1,1,1,-1
3705.png,3,1,1,1,-1
3706.png,3,-1,1,1,-1
3707.png,4,-1,-1,1,1
3708.png,1,1,1,1,-1
3709.png,4,1,1,1,-1
3710.png,3,-1,-1,1,1
3711.png,-1,-1,-1,-1,1
3713.png,1,1,1,1,-1
3714.png,-1,-1,-1,-1,1
3715.png,5,-1,1,-1,-1
3716.png,4,1,1,1,-1
3717.png,2,1,1,1,-1
3718.png,-1,-1,-1,1,1
3719.png,1,-1,-1,1,1
3720.png,-1,-1,-1,1,1
3721.png,4,-1,1,1,-1
3722.png,4,1,1,1,-1
3723.png,-1,1,1,-1,1
3724.png,1,-1,1,1,-1
3725.png,5,1,1,-1,-1
3726.png,2,-1,1,1,-1
3727.png,1,1,1,1,-1
3728.png,-1,-1,1,-1,1
3729.png,4,-1,1,1,-1
3730.png,-1,-1,1,1,1
3731.png,3,-1,1,1,-1
3733.png,2,-1,1,1,-1
3734.png,0,-1,1,-1,-1
3735.png,3,-1,1,1,-1
3736.png,-1,-1,-1,1,1
3737.png,3,-1,1,1,-1
3738.png,5,1,1,-1,-1
3740.png,-1,-1,-1,1,1
3741.png,3,-1,1,1,1
3742.png,-1,-1,-1,-1,1
3743.png,5,-1,-1,1,1
3744.png,3,-1,1,1,-1
3745.png,-1,-1,1,1,1
3746.png,1,-1,1,1,-1
3747.png,1,1,1,1,-1
3748.png,-1,-1,-1,1,1
3749.png,-1,-1,-1,1,1
3750.png,3,1,1,1,-1
3751.png,3,1,1,1,-1
3752.png,1,-1,1,1,-1
3753.png,4,1,1,1,-1
3754.png,3,-1,1,-1,1
3756.png,3,-1,1,1,-1
3757.png,3,-1,1,1,1
3758.png,-1,-1,-1,1,1
3759.png,5,1,1,-1,-1
3760.png,3,-1,1,1,-1
3761.png,1,-1,1,1,1
3762.png,-1,-1,-1,1,1
3763.png,3,1,1,1,-1
3764.png,3,-1,-1,1,1
3765.png,2,1,1,1,-1
3766.png,-1,-1,-1,1,1
3767.png,4,1,1,1,-1
3768.png,-1,-1,1,1,1
3769.png,-1,-1,1,-1,1
3770.png,2,-1,1,1,-1
3771.png,1,-1,1,1,1
3772.png,4,-1,1,1,1
3773.png,1,-1,1,1,-1
3774.png,1,-1,1,1,1
3775.png,2,-1,1,1,-1
3777.png,4,1,1,1,-1
3778.png,5,-1,1,-1,-1
3779.png,1,1,1,1,-1
3780.png,5,-1,-1,-1,1
3781.png,3,1,1,1,-1
3784.png,3,-1,-1,1,1
3785.png,3,-1,-1,1,1
3786.png,2,-1,1,1,-1
3787.png,2,-1,1,1,-1
3788.png,4,-1,1,1,-1
3789.png,5,-1,1,-1,-1
3790.png,1,-1,1,-1,1
3791.png,3,-1,1,1,1
3793.png,1,-1,1,1,-1
3794.png,5,-1,1,-1,-1
3796.png,3,-1,1,1,1
3797.png,3,-1,-1,1,1
3798.png,4,-1,1,1,-1
3799.png,2,-1,1,1,-1
3800.png,4,1,1,1,-1
3801.png,3,-1,-1,-1,1
3803.png,-1,-1,1,1,1
3804.png,-1,-1,-1,-1,1
3805.png,1,-1,-1,1,1
3806.png,3,-1,1,1,-1
3807.png,1,1,1,1,-1
3809.png,2,1,1,1,-1
3810.png,4,-1,1,1,-1
3811.png,1,1,1,1,-1
3812.png,3,1,1,1,-1
3813.png,4,1,1,1,-1
3814.png,1,-1,1,1,1
3815.png,5,1,1,-1,-1
3816.png,1,-1,1,1,-1
3817.png,3,1,1,1,-1
3818.png,3,1,1,1,1
3819.png,-1,-1,1,-1,1
3820.png,1,-1,1,1,1
3821.png,-1,-1,1,1,1
3822.png,5,1,1,-1,-1
3823.png,4,-1,1,1,1
3824.png,4,-1,1,1,1
3825.png,5,-1,1,-1,-1
3826.png,3,-1,-1,1,1
3827.png,4,-1,-1,1,1
3828.png,4,-1,-1,1,1
3829.png,-1,-1,1,-1,1
3830.png,-1,-1,-1,1,1
3831.png,4,-1,-1,1,1
3832.png,5,-1,1,-1,1
3833.png,5,1,1,-1,-1
3834.png,4,-1,1,1,1
3836.png,3,-1,1,1,-1
3837.png,4,-1,-1,1,1
3838.png,4,-1,-1,1,1
3839.png,4,-1,-1,-1,1
3840.png,2,-1,1,1,-1
3841.png,1,-1,1,1,-1
3842.png,1,-1,-1,1,1
3845.png,4,-1,-1,1,1
3846.png,-1,-1,1,1,1
3847.png,2,-1,1,1,-1
3848.png,4,-1,1,1,1
3849.png,3,-1,-1,-1,1
3850.png,4,-1,-1,1,1
3851.png,4,1,1,1,-1
3852.png,4,1,1,1,-1
3853.png,-1,-1,1,1,1
3854.png,4,-1,-1,-1,1
3855.png,-1,1,-1,1,1
3856.png,4,-1,1,1,-1
3857.png,-1,-1,-1,1,1
3859.png,3,-1,1,1,1
3860.png,5,-1,1,-1,-1
3861.png,3,-1,-1,1,1
3862.png,2,1,1,1,-1
3863.png,3,-1,1,1,-1
3864.png,1,-1,1,-1,1
3865.png,4,-1,-1,1,1
3866.png,4,-1,1,1,1
3867.png,4,-1,-1,-1,1
3868.png,5,1,1,-1,-1
3869.png,3,-1,1,1,1
3870.png,-1,-1,-1,-1,1
3871.png,1,-1,-1,1,1
3872.png,-1,-1,-1,1,1
3873.png,3,-1,1,1,-1
3874.png,1,1,1,1,-1
3875.png,4,-1,1,1,1
3876.png,-1,-1,-1,1,1
3877.png,3,-1,1,1,1
3878.png,5,-1,1,-1,-1
3879.png,-1,-1,-1,1,1
3880.png,1,1,1,1,-1
3881.png,-1,1,-1,1,1
3882.png,5,1,1,-1,-1
3883.png,4,-1,1,1,1
3884.png,3,-1,1,1,-1
3885.png,5,1,1,-1,-1
3886.png,2,-1,1,1,-1
3887.png,1,-1,1,1,-1
3890.png,5,-1,1,-1,-1
3891.png,-1,-1,-1,1,1
3892.png,3,1,1,1,-1
3893.png,-1,-1,-1,1,1
3894.png,-1,-1,-1,1,1
3895.png,2,-1,1,1,-1
3896.png,1,1,1,1,-1
3897.png,1,1,1,1,-1
3898.png,-1,-1,-1,1,1
3899.png,4,-1,1,-1,1
3900.png,5,1,1,-1,-1
3901.png,1,1,1,1,-1
3902.png,3,1,1,1,-1
3903.png,4,-1,1,1,-1
3904.png,3,-1,1,1,1
3905.png,2,-1,1,1,-1
3906.png,5,1,1,-1,-1
3907.png,-1,-1,-1,1,1
3908.png,-1,-1,1,1,1
3909.png,1,1,1,1,-1
3910.png,1,1,1,1,-1
3911.png,4,-1,1,1,-1
3912.png,1,-1,1,1,-1
3913.png,4,-1,-1,1,1
3914.png,1,-1,1,1,-1
3915.png,1,-1,1,1,-1
3916.png,4,-1,1,1,-1
3917.png,-1,-1,-1,1,1
3918.png,-1,-1,-1,1,1
3919.png,3,-1,-1,1,1
3920.png,3,1,1,1,-1
3921.png,3,-1,1,1,-1
3922.png,2,1,1,1,-1
3924.png,2,1,1,1,-1
3925.png,2,1,1,1,-1
3926.png,1,1,1,1,-1
3927.png,4,-1,1,1,1
3928.png,5,-1,1,-1,-1
3929.png,4,-1,1,1,1
3930.png,2,-1,1,1,-1
3932.png,3,-1,1,1,1
3933.png,-1,-1,1,-1,1
3934.png,1,-1,1,1,1
3935.png,4,1,1,1,-1
3936.png,1,-1,1,1,-1
3937.png,4,-1,1,-1,1
3938.png,3,-1,1,1,-1
3939.png,5,-1,1,-1,-1
3940.png,2,1,1,1,-1
3941.png,3,-1,1,1,-1
3942.png,-1,-1,1,1,1
3943.png,4,-1,-1,1,1
3944.png,3,-1,-1,-1,1
3945.png,5,1,1,-1,-1
3946.png,4,-1,1,1,1
3947.png,3,-1,1,1,1
3948.png,2,1,1,1,-1
3949.png,2,-1,1,1,-1
3951.png,5,-1,1,-1,-1
3952.png,-1,-1,-1,1,1
3953.png,4,-1,-1,1,1
3954.png,4,1,1,1,-1
3955.png,1,-1,1,1,1
3956.png,1,-1,-1,-1,1
3957.png,3,-1,1,1,-1
3958.png,-1,-1,1,1,1
3959.png,1,-1,1,1,1
3960.png,4,-1,-1,1,1
3961.png,3,-1,1,1,-1
3962.png,-1,-1,-1,1,1
3963.png,3,-1,1,1,1
3964.png,4,1,1,1,-1
3965.png,4,-1,-1,1,1
3966.png,1,1,1,1,-1
3967.png,3,1,1,1,-1
3968.png,1,1,1,1,-1
3969.png,2,-1,1,1,-1
3970.png,1,-1,1,1,1
3971.png,3,-1,-1,1,1
3973.png,5,1,1,-1,-1
3974.png,3,-1,1,1,1
3975.png,3,-1,1,1,-1
3976.png,1,1,1,1,-1
3977.png,-1,-1,-1,1,1
3978.png,5,1,1,-1,-1
3979.png,2,-1,1,1,-1
3980.png,0,-1,1,-1,-1
3982.png,4,1,1,1,-1
3983.png,2,-1,1,1,-1
3984.png,5,-1,1,-1,-1
3985.png,4,-1,1,1,-1
3987.png,3,-1,-1,1,1
3988.png,3,-1,1,1,1
3989.png,-1,-1,1,-1,1
3990.png,1,-1,-1,1,1
3991.png,-1,-1,1,1,1
3992.png,1,1,1,1,-1
3993.png,3,-1,1,1,-1
3994.png,1,-1,-1,1,1
3995.png,2,1,1,1,-1
3996.png,2,1,1,1,-1
3997.png,1,1,1,1,-1
3998.png,5,1,1,-1,-1
3999.png,3,-1,1,1,1
4000.png,5,-1,1,-1,-1
4002.png,0,1,1,-1,-1
4005.png,-1,-1,-1,1,1
4006.png,1,1,1,1,-1
4007.png,0,-1,1,1,1
4008.png,-1,-1,-1,-1,1
4009.png,-1,-1,1,1,1
4010.png,4,-1,-1,1,1
4011.png,1,-1,1,1,-1
4013.png,4,-1,1,-1,1
4014.png,-1,-1,1,1,1
4017.png,3,-1,1,1,1
4018.png,3,-1,-1,1,1
4019.png,5,1,1,-1,-1
4020.png,-1,-1,1,1,1
4021.png,-1,-1,1,1,1
4022.png,2,1,1,1,-1
4023.png,-1,-1,-1,1,1
4024.png,1,1,1,1,-1
4025.png,3,-1,1,1,-1
4026.png,-1,-1,1,1,1
4027.png,1,-1,1,1,-1
4028.png,1,-1,1,1,-1
4029.png,5,-1,-1,-1,1
4030.png,5,1,1,-1,-1
4031.png,3,-1,1,1,1
4032.png,4,1,1,1,-1
4034.png,5,-1,1,-1,-1
4035.png,0,-1,1,1,1
4036.png,-1,-1,1,1,1
4037.png,4,-1,-1,1,1
4039.png,4,-1,1,1,-1
4040.png,-1,-1,1,1,1
4041.png,5,1,1,-1,-1
4042.png,3,1,1,1,-1
4043.png,2,1,1,1,-1
4044.png,3,-1,1,1,1
4046.png,-1,-1,1,-1,1
4047.png,4,-1,1,1,1
4048.png,2,1,1,1,-1
4050.png,4,-1,1,1,-1
4051.png,-1,-1,-1,1,1
4052.png,3,-1,1,-1,1
4053.png,5,-1,1,-1,-1
4055.png,1,1,1,1,-1
4056.png,4,-1,1,1,-1
4057.png,1,1,1,1,-1
4058.png,4,-1,-1,1,1
4059.png,3,-1,1,1,-1
4060.png,2,-1,1,1,-1
4061.png,5,-1,1,-1,-1
4062.png,3,-1,-1,1,1
4063.png,5,-1,-1,-1,1
4065.png,4,-1,-1,1,1
4066.png,4,-1,1,1,-1
4067.png,4,1,1,1,-1
4068.png,1,-1,1,1,-1
4069.png,1,1,1,1,-1
4070.png,3,-1,1,1,1
4071.png,4,-1,1,1,1
4072.png,5,1,1,-1,-1
4073.png,1,1,1,1,-1
4074.png,3,1,1,1,-1
4075.png,4,-1,1,1,1
4076.png,3,-1,1,1,1
4077.png,5,1,1,-1,-1
4078.png,5,1,1,-1,-1
4079.png,1,-1,1,1,1
4080.png,-1,-1,-1,1,1
4081.png,3,-1,1,1,1
4082.png,-1,-1,1,1,1
4083.png,1,-1,1,1,1
4084.png,2,1,1,1,-1
4085.png,3,-1,-1,1,1
4086.png,3,-1,-1,1,1
4087.png,-1,-1,1,1,1
4088.png,1,1,1,1,-1
4089.png,5,-1,1,-1,-1
4090.png,2,1,1,1,-1
4091.png,3,-1,1,1,1
4092.png,3,-1,1,1,-1
4093.png,2,-1,1,1,-1
4094.png,4,1,1,1,-1
4095.png,-1,-1,-1,1,1
4096.png,4,1,1,1,-1
4097.png,2,-1,1,1,-1
4098.png,1,-1,1,1,-1
4099.png,-1,-1,1,-1,1
4100.png,1,-1,1,1,-1
4101.png,-1,-1,-1,-1,1
4102.png,1,1,1,1,-1
4103.png,1,-1,1,1,-1
4104.png,2,1,1,1,-1
4105.png,1,-1,1,1,1
4107.png,-1,-1,-1,1,1
4108.png,4,-1,1,-1,1
4109.png,3,-1,-1,1,1
4110.png,4,-1,-1,1,1
4111.png,5,-1,1,-1,-1
4112.png,4,-1,1,1,1
4113.png,3,-1,1,1,1
4114.png,5,-1,1,-1,-1
4115.png,4,-1,1,1,1
4116.png,1,-1,1,1,-1
4117.png,3,-1,1,1,1
4118.png,1,-1,1,1,-1
4119.png,4,1,1,1,-1
4120.png,3,-1,1,1,1
4121.png,4,-1,-1,1,1
4122.png,1,-1,1,1,1
4123.png,2,1,1,1,-1
4124.png,1,1,1,1,-1
4125.png,-1,-1,-1,1,1
4126.png,4,-1,1,1,-1
4127.png,5,1,-1,-1,1
4128.png,5,-1,1,-1,1
4129.png,1,-1,1,-1,1
4130.png,1,-1,1,1,-1
4131.png,3,-1,-1,1,1
4132.png,2,1,1,1,-1
4133.png,1,-1,1,1,1
4134.png,1,1,1,1,-1
4135.png,3,1,1,1,-1
4136.png,3,1,1,1,-1
4137.png,1,1,1,1,-1
4138.png,3,1,1,1,-1
4139.png,-1,1,-1,-1,1
4140.png,2,1,1,1,-1
4141.png,3,-1,1,1,-1
4142.png,4,-1,1,1,1
4143.png,1,-1,1,1,-1
4144.png,2,-1,1,1,-1
4145.png,1,1,1,1,-1
4146.png,-1,-1,1,1,1
4147.png,1,-1,1,1,-1
4149.png,-1,1,1,-1,1
4150.png,2,-1,1,1,-1
4151.png,5,1,1,-1,-1
4152.png,2,-1,1,1,-1
4153.png,4,-1,-1,1,1
4155.png,2,-1,1,1,-1
4156.png,5,1,1,-1,-1
4157.png,1,-1,-1,1,1
4158.png,1,-1,1,1,-1
4159.png,4,-1,1,1,-1
4160.png,3,-1,1,1,-1
4161.png,1,-1,1,1,-1
4162.png,4,1,1,1,-1
4163.png,-1,-1,1,1,1
4164.png,3,-1,-1,1,1
4165.png,4,-1,1,-1,1
4166.png,3,-1,1,1,1
4167.png,-1,-1,-1,1,1
4168.png,1,-1,-1,-1,1
4169.png,4,-1,-1,-1,1
4170.png,1,1,1,1,-1
4171.png,-1,-1,1,1,1
4172.png,1,-1,-1,-1,1
4173.png,3,1,1,1,-1
4174.png,4,-1,1,1,1
4175.png,5,1,1,-1,-1
4177.png,2,1,1,1,-1
4178.png,3,-1,1,1,-1
4180.png,2,1,1,1,-1
4181.png,2,-1,1,1,-1
4182.png,2,-1,1,1,-1
4184.png,3,1,1,1,-1
4185.png,3,-1,-1,1,1
4187.png,2,-1,1,1,-1
4188.png,3,-1,-1,1,1
4189.png,1,-1,1,1,-1
4190.png,3,1,1,1,-1
4191.png,2,1,1,1,-1
4192.png,-1,-1,-1,1,1
4193.png,1,-1,1,1,1
4194.png,3,-1,1,1,-1
4195.png,4,-1,1,1,-1
4196.png,1,-1,-1,1,1
4197.png,-1,-1,-1,1,1
4198.png,2,-1,1,1,-1
4200.png,3,-1,1,1,-1
4201.png,1,1,1,1,-1
4202.png,2,-1,1,1,-1
4203.png,2,1,1,1,-1
4204.png,2,-1,1,1,-1
4205.png,5,-1,1,-1,-1
4206.png,3,-1,1,1,-1
4207.png,3,-1,1,1,1
4208.png,5,1,1,-1,-1
4209.png,3,-1,1,1,1
4212.png,3,1,1,1,-1
4213.png,0,-1,1,-1,-1
4214.png,3,-1,1,1,-1
4215.png,1,-1,1,-1,1
4217.png,3,-1,1,1,-1
4218.png,4,-1,-1,1,1
4219.png,5,-1,1,-1,-1
4220.png,3,1,1,1,-1
4221.png,5,1,1,-1,-1
4222.png,0,1,1,-1,-1
4223.png,2,1,1,1,-1
4224.png,1,-1,-1,1,1
4226.png,3,-1,1,1,1
4227.png,3,1,1,1,-1
4228.png,2,1,1,1,-1
4229.png,-1,-1,-1,1,1
4230.png,5,1,1,-1,-1
4231.png,1,-1,1,1,1
4232.png,4,-1,-1,-1,1
4233.png,3,-1,-1,1,1
4234.png,-1,-1,-1,1,1
4235.png,1,-1,1,1,1
4236.png,2,-1,1,1,-1
4237.png,-1,-1,-1,1,1
4238.png,4,-1,1,1,1
4239.png,2,1,1,1,-1
4240.png,3,-1,1,1,-1
4241.png,1,-1,1,1,1
4242.png,3,-1,1,1,-1
4244.png,4,-1,1,1,-1
4247.png,1,-1,1,1,-1
4248.png,2,-1,1,1,-1
4249.png,3,-1,1,1,-1
4250.png,1,-1,-1,1,1
4251.png,3,-1,-1,1,1
4252.png,1,-1,1,1,-1
4253.png,5,1,1,-1,-1
4255.png,1,1,1,1,-1
4256.png,2,1,1,1,-1
4257.png,5,-1,-1,-1,1
4258.png,1,-1,1,1,-1
4260.png,1,-1,-1,1,1
4261.png,5,-1,1,-1,-1
4263.png,2,1,1,1,-1
4264.png,0,1,1,-1,-1
4265.png,2,-1,1,1,-1
4266.png,5,-1,1,-1,1
4267.png,-1,-1,1,1,1
4268.png,3,-1,1,1,-1
4269.png,5,-1,1,-1,-1
4270.png,2,1,1,1,-1
4271.png,-1,-1,-1,1,1
4272.png,3,1,1,1,-1
4273.png,3,-1,-1,-1,1
4274.png,1,1,1,1,-1
4275.png,3,-1,1,1,-1
4276.png,-1,-1,-1,-1,1
4277.png,1,-1,-1,1,1
4278.png,3,-1,1,1,-1
4279.png,3,1,1,1,-1
4281.png,5,-1,1,-1,1
4282.png,1,-1,1,1,-1
4284.png,3,1,1,1,-1
4285.png,1,1,1,1,-1
4286.png,1,1,1,1,-1
4287.png,1,1,1,1,-1
4288.png,4,-1,-1,-1,1
4289.png,5,-1,1,-1,-1
4290.png,3,-1,1,1,1
4291.png,1,-1,1,1,-1
4292.png,3,-1,1,1,-1
4293.png,-1,-1,-1,1,1
4295.png,5,1,-1,-1,1
4296.png,5,1,1,-1,-1
4297.png,1,1,1,1,-1
4298.png,2,-1,1,1,-1
4299.png,3,-1,-1,1,1
4300.png,0,-1,1,-1,1
4301.png,5,-1,1,-1,-1
4303.png,2,1,1,1,-1
4304.png,1,-1,1,1,-1
4305.png,-1,-1,1,1,1
4306.png,5,1,1,-1,-1
4307.png,1,1,1,1,-1
4308.png,4,-1,-1,1,1
4310.png,1,-1,1,1,-1
4312.png,1,-1,1,1,-1
4313.png,-1,-1,-1,1,1
4314.png,5,-1,-1,-1,1
4315.png,5,1,1,-1,-1
4316.png,4,-1,1,1,1
4317.png,4,-1,1,1,1
4318.png,0,-1,1,-1,1
4321.png,1,-1,1,1,-1
4322.png,3,-1,1,1,-1
4323.png,-1,-1,-1,-1,1
4324.png,1,1,1,1,-1
4326.png,2,-1,1,1,-1
4327.png,1,1,1,1,-1
4328.png,4,-1,-1,1,1
4329.png,3,-1,1,-1,1
4330.png,-1,-1,-1,1,1
4332.png,-1,-1,-1,1,1
4333.png,-1,-1,1,-1,1
4334.png,2,-1,1,1,-1
4335.png,-1,-1,1,-1,1
4336.png,-1,-1,1,1,1
4337.png,3,-1,-1,1,1
4338.png,3,-1,-1,1,1
4339.png,3,-1,1,1,-1
4340.png,1,-1,1,1,-1
4341.png,1,-1,1,1,-1
4342.png,-1,-1,1,-1,1
4343.png,-1,-1,-1,1,1
4344.png,3,1,1,1,-1
4345.png,3,-1,1,1,1
4347.png,-1,-1,1,1,1
4348.png,1,-1,-1,1,1
4349.png,4,-1,1,1,1
4350.png,-1,-1,-1,1,1
4351.png,2,-1,1,1,-1
4352.png,4,-1,1,1,-1
4353.png,-1,-1,1,1,1
4354.png,-1,-1,1,1,1
4355.png,1,-1,1,1,1
4356.png,1,1,1,1,-1
4357.png,1,1,1,1,-1
4358.png,-1,-1,-1,1,1
4359.png,1,-1,-1,1,1
4360.png,4,1,1,1,-1
4361.png,3,-1,1,1,1
4362.png,2,-1,1,1,-1
4363.png,-1,-1,1,1,1
4364.png,2,1,1,1,-1
4365.png,1,1,1,1,-1
4366.png,5,-1,1,-1,-1
4368.png,2,-1,1,1,-1
4369.png,-1,-1,-1,1,1
4370.png,-1,-1,-1,1,1
4371.png,1,-1,1,-1,1
4372.png,1,1,1,1,-1
4373.png,3,-1,1,-1,1
4374.png,5,1,1,-1,-1
4375.png,-1,-1,1,1,1
4376.png,1,-1,1,1,1
4378.png,4,1,1,-1,1
4379.png,1,-1,1,1,-1
4381.png,4,-1,-1,1,1
4382.png,3,-1,1,1,-1
4383.png,-1,-1,-1,1,1
4384.png,5,1,1,-1,-1
4385.png,1,-1,1,1,-1
4386.png,1,-1,1,1,1
4387.png,1,-1,1,1,-1
4388.png,3,-1,1,1,-1
4389.png,1,1,1,1,-1
4390.png,1,-1,1,1,-1
4391.png,3,-1,1,1,-1
4392.png,-1,-1,-1,-1,1
4393.png,1,1,1,1,-1
4394.png,-1,-1,1,-1,1
4395.png,1,-1,1,1,-1
4396.png,2,-1,1,1,-1
4398.png,4,-1,1,1,-1
4399.png,5,1,1,-1,-1
4400.png,2,-1,1,1,-1
4401.png,1,-1,1,-1,1
4402.png,4,-1,-1,1,1
4403.png,5,-1,1,-1,-1
4404.png,1,-1,1,1,1
4405.png,-1,-1,-1,1,1
4406.png,-1,-1,-1,1,1
4407.png,5,-1,1,-1,-1
4409.png,4,1,1,1,-1
4410.png,1,-1,1,1,1
4411.png,2,-1,1,1,-1
4412.png,-1,-1,-1,1,1
4414.png,5,1,1,-1,-1
4415.png,4,-1,1,1,-1
4416.png,4,-1,1,1,-1
4417.png,3,-1,-1,-1,1
4418.png,3,-1,-1,1,1
4419.png,4,1,1,1,-1
4420.png,3,-1,1,1,-1
4421.png,-1,-1,-1,1,1
4422.png,2,-1,1,1,-1
4423.png,1,-1,1,1,-1
4424.png,1,1,1,1,-1
4425.png,-1,1,-1,1,1
4426.png,1,-1,1,1,-1
4428.png,-1,-1,1,1,1
4429.png,3,-1,-1,1,1
4430.png,2,-1,1,1,-1
4431.png,3,-1,1,-1,1
4432.png,3,-1,-1,1,1
4433.png,5,-1,1,-1,-1
4434.png,4,-1,-1,1,1
4435.png,-1,-1,-1,1,1
4436.png,3,1,1,1,-1
4437.png,4,-1,-1,1,1
4438.png,-1,-1,1,1,1
4439.png,2,1,1,1,-1
4440.png,5,1,1,-1,-1
4441.png,2,1,1,1,-1
4442.png,1,-1,-1,1,1
4443.png,4,-1,1,1,-1
4444.png,1,-1,1,-1,1
4445.png,1,1,1,1,-1
4446.png,1,-1,1,1,1
4447.png,-1,-1,-1,-1,1
4448.png,4,-1,1,1,1
4449.png,-1,-1,1,-1,1
4450.png,3,-1,-1,1,1
4451.png,3,-1,1,1,-1
4452.png,3,1,1,1,-1
4453.png,4,1,1,1,-1
4454.png,3,-1,1,1,1
4455.png,-1,-1,-1,1,1
4456.png,3,-1,1,1,1
4457.png,3,-1,1,1,-1
4458.png,3,-1,1,1,-1
4459.png,4,1,1,1,-1
4460.png,1,-1,1,1,1
4461.png,4,-1,-1,1,1
4463.png,4,1,1,1,1
4464.png,5,1,-1,-1,1
4465.png,3,1,1,1,-1
4466.png,4,-1,-1,1,1
4467.png,3,-1,1,1,-1
4468.png,5,1,1,-1,-1
4469.png,1,-1,1,1,-1
4470.png,3,-1,1,1,1
4471.png,2,-1,1,1,-1
4472.png,1,1,1,1,-1
4474.png,5,-1,1,-1,-1
4475.png,2,-1,1,1,-1
4476.png,4,-1,1,-1,1
4477.png,3,-1,-1,1,1
4478.png,2,-1,1,1,-1
4479.png,3,1,1,1,-1
4480.png,-1,-1,-1,1,1
4481.png,4,-1,1,1,-1
4482.png,3,-1,-1,1,1
4483.png,3,-1,1,1,1
4484.png,3,-1,1,-1,1
4485.png,3,-1,1,1,-1
4486.png,4,-1,-1,1,1
4487.png,5,-1,1,-1,-1
4488.png,5,-1,1,-1,-1
4489.png,5,1,1,-1,-1
4490.png,2,1,1,1,-1
4491.png,1,-1,-1,1,1
4492.png,4,-1,1,1,1
4493.png,3,1,1,1,-1
4494.png,2,1,1,1,-1
4495.png,-1,-1,-1,1,1
4496.png,3,-1,1,1,1
4497.png,4,-1,1,-1,1
4498.png,1,1,1,1,-1
4499.png,4,-1,-1,-1,1
4500.png,1,1,1,1,-1
4501.png,4,-1,-1,1,1
4502.png,-1,-1,1,-1,1
4503.png,3,1,1,1,-1
4504.png,2,-1,1,1,-1
4505.png,1,-1,1,-1,1
4507.png,5,-1,1,-1,-1
4508.png,-1,-1,-1,1,1
4509.png,4,-1,1,1,-1
4510.png,5,1,1,-1,-1
4512.png,1,-1,1,1,-1
4514.png,4,-1,1,-1,1
4515.png,3,-1,1,1,1
4516.png,3,1,1,1,-1
4517.png,5,1,1,-1,-1
4518.png,2,1,1,1,-1
4519.png,-1,-1,1,1,1
4520.png,-1,-1,1,-1,1
4521.png,2,-1,1,1,-1
4522.png,-1,-1,1,1,1
4523.png,3,-1,1,1,-1
4525.png,1,1,1,1,-1
4526.png,1,-1,1,1,-1
4527.png,4,-1,-1,1,1
4528.png,1,-1,1,1,-1
4529.png,5,-1,1,-1,-1
4530.png,1,-1,1,1,1
4531.png,-1,-1,-1,1,1
4532.png,1,-1,1,1,1
4533.png,3,1,-1,1,1
4534.png,-1,-1,1,1,1
4535.png,0,-1,1,-1,1
4536.png,2,-1,1,1,-1
4537.png,4,1,1,1,-1
4538.png,4,-1,1,1,-1
4539.png,3,1,1,1,-1
4540.png,2,1,1,1,-1
4543.png,0,1,1,-1,-1
4544.png,1,-1,1,-1,1
4545.png,2,-1,1,1,-1
4546.png,3,-1,1,1,1
4547.png,5,1,1,-1,-1
4548.png,-1,-1,-1,1,1
4550.png,4,-1,-1,1,1
4551.png,1,-1,1,1,-1
4552.png,1,-1,1,1,1
4553.png,3,-1,1,1,-1
4554.png,4,1,1,1,-1
4555.png,4,-1,1,-1,1
4556.png,2,1,1,1,-1
4557.png,3,1,1,1,-1
4558.png,3,1,1,1,-1
4559.png,4,-1,-1,1,1
4560.png,5,1,1,-1,-1
4561.png,2,-1,1,1,-1
4563.png,-1,-1,-1,1,1
4564.png,2,-1,1,1,-1
4565.png,-1,-1,1,1,1
4566.png,1,-1,-1,1,1
4567.png,-1,-1,-1,1,1
4568.png,1,1,1,1,-1
4569.png,4,-1,-1,1,1
4570.png,3,-1,1,1,-1
4571.png,3,-1,1,1,1
4572.png,-1,1,-1,1,1
4573.png,3,-1,1,1,1
4574.png,3,-1,1,1,1
4575.png,4,1,1,1,-1
4576.png,1,1,1,1,-1
4578.png,4,-1,1,1,1
4579.png,4,-1,1,1,-1
4580.png,1,-1,-1,-1,1
4581.png,0,1,1,-1,-1
4582.png,1,1,1,1,-1
4583.png,1,-1,1,1,1
4585.png,3,-1,-1,1,1
4586.png,1,1,1,1,-1
4587.png,4,-1,1,1,1
4588.png,3,1,1,1,-1
4589.png,1,-1,-1,1,1
4590.png,2,-1,1,1,-1
4592.png,3,1,1,1,-1
4593.png,1,1,1,1,-1
4594.png,3,-1,1,1,-1
4596.png,3,-1,1,1,-1
4597.png,-1,-1,-1,1,1
4598.png,5,-1,1,-1,-1
4599.png,4,-1,1,-1,1
4600.png,3,-1,-1,1,1
4601.png,1,1,1,1,-1
4602.png,5,-1,1,-1,-1
4603.png,1,-1,-1,1,1
4605.png,3,1,1,1,-1
4606.png,-1,-1,-1,1,1
4607.png,1,-1,1,1,-1
4608.png,4,-1,1,1,1
4609.png,1,-1,-1,1,1
4610.png,1,-1,1,1,-1
4611.png,4,1,1,1,-1
4612.png,5,-1,1,-1,-1
4613.png,3,-1,1,1,-1
4614.png,4,1,1,1,-1
4615.png,-1,-1,-1,-1,1
4616.png,4,-1,-1,1,1
4617.png,3,1,1,1,-1
4618.png,1,-1,1,1,1
4619.png,1,1,1,1,-1
4621.png,1,-1,1,-1,1
4623.png,-1,-1,-1,1,1
4624.png,4,1,1,1,-1
4625.png,1,-1,1,1,-1
4627.png,5,-1,1,-1,-1
4628.png,2,-1,1,1,-1
4629.png,-1,-1,-1,1,1
4631.png,4,-1,1,1,-1
4632.png,-1,-1,-1,1,1
4633.png,1,-1,1,1,1
4634.png,4,-1,1,1,1
4635.png,-1,-1,-1,1,1
4636.png,1,1,1,1,-1
4637.png,2,1,1,1,-1
4638.png,3,-1,1,1,-1
4639.png,5,1,1,-1,-1
4640.png,4,-1,1,1,-1
4641.png,3,-1,1,1,1
4642.png,1,1,1,1,-1
4644.png,5,1,-1,-1,1
4645.png,-1,-1,-1,1,1
4646.png,1,1,1,1,-1
4648.png,3,-1,1,1,1
4649.png,1,1,1,1,-1
4650.png,-1,-1,-1,1,1
4651.png,5,-1,1,-1,-1
4652.png,3,1,1,1,-1
4653.png,1,-1,1,1,1
4655.png,1,1,1,1,-1
4656.png,-1,-1,1,1,1
4657.png,1,-1,-1,1,1
4658.png,2,1,1,1,-1
4659.png,4,-1,1,1,1
4660.png,4,-1,1,1,1
4661.png,4,-1,1,-1,1
4663.png,-1,-1,1,1,1
4664.png,5,1,1,-1,-1
4668.png,1,-1,1,1,-1
4671.png,3,-1,1,1,-1
4672.png,4,-1,1,1,-1
4673.png,3,-1,-1,1,1
4674.png,-1,-1,-1,1,1
4675.png,5,-1,1,-1,-1
4677.png,4,-1,-1,1,1
4678.png,4,-1,-1,1,1
4679.png,4,-1,-1,1,1
4680.png,4,-1,1,-1,1
4681.png,1,-1,-1,-1,1
4682.png,3,-1,1,1,-1
4683.png,4,-1,1,1,1
4684.png,1,-1,1,1,1
4685.png,4,-1,1,1,-1
4686.png,0,-1,1,-1,1
4687.png,1,-1,1,1,-1
4688.png,5,-1,1,-1,-1
4689.png,1,-1,-1,1,1
4690.png,1,-1,-1,1,1
4691.png,1,-1,1,-1,1
4692.png,5,1,1,-1,-1
4693.png,1,-1,1,1,1
4694.png,2,-1,1,1,-1
4695.png,4,-1,-1,1,1
4696.png,4,1,1,-1,1
4697.png,4,-1,-1,1,1
4698.png,5,-1,1,-1,-1
4699.png,3,-1,1,1,-1
4700.png,3,-1,-1,-1,1
4701.png,5,-1,1,-1,-1
4702.png,4,1,1,1,-1
4703.png,-1,-1,-1,1,1
4704.png,1,-1,1,1,-1
4705.png,-1,-1,1,1,1
4706.png,1,-1,-1,1,1
4709.png,5,-1,1,-1,-1
4710.png,1,-1,1,1,1
4711.png,3,1,1,1,-1
4712.png,5,1,1,-1,-1
4713.png,2,1,1,1,-1
4714.png,3,-1,-1,1,1
4715.png,3,1,1,1,-1
4717.png,4,-1,1,1,1
4718.png,4,-1,1,1,-1
4719.png,4,-1,1,1,1
4720.png,-1,-1,1,1,1
4721.png,1,1,1,1,-1
4722.png,2,1,1,1,-1
4724.png,1,1,1,1,-1
4725.png,2,-1,1,1,-1
4726.png,1,-1,1,1,-1
4727.png,3,-1,-1,1,1
4728.png,1,-1,1,1,-1
4730.png,3,-1,1,1,-1
4731.png,2,-1,1,1,-1
4732.png,4,-1,1,1,-1
4733.png,1,-1,1,1,1
4734.png,3,-1,1,1,-1
4735.png,2,-1,1,1,-1
4736.png,-1,-1,-1,1,1
4737.png,3,-1,-1,1,1
4738.png,1,-1,1,1,-1
4739.png,4,-1,1,1,1
4740.png,1,-1,1,1,-1
4741.png,4,1,1,1,-1
4742.png,3,1,1,1,-1
4743.png,1,-1,1,1,-1
4744.png,1,1,1,1,-1
4745.png,2,-1,1,1,-1
4746.png,1,-1,1,1,-1
4747.png,1,-1,-1,1,1
4748.png,-1,-1,1,1,1
4749.png,3,-1,1,1,1
4751.png,1,-1,1,1,-1
4752.png,4,1,1,1,-1
4753.png,1,-1,1,1,-1
4754.png,3,-1,1,1,-1
4755.png,-1,-1,1,1,1
4756.png,2,1,1,1,-1
4757.png,-1,-1,1,1,1
4758.png,0,1,1,-1,-1
4759.png,-1,-1,1,1,1
4760.png,3,1,1,1,-1
4761.png,1,-1,1,1,-1
4762.png,3,-1,1,1,-1
4763.png,5,1,1,-1,-1
4765.png,-1,1,-1,-1,1
4766.png,1,-1,-1,1,1
4767.png,4,-1,-1,1,1
4768.png,3,-1,1,1,1
4770.png,3,1,1,1,-1
4771.png,5,1,1,-1,-1
4772.png,4,1,1,1,-1
4773.png,2,-1,1,1,-1
4774.png,3,1,1,1,-1
4775.png,4,-1,1,1,-1
4776.png,4,-1,1,1,-1
4777.png,3,1,1,1,-1
4779.png,3,-1,1,-1,1
4780.png,2,1,1,1,-1
4781.png,2,1,1,1,-1
4782.png,5,-1,1,-1,-1
4783.png,3,1,1,1,-1
4784.png,-1,-1,-1,1,1
4785.png,2,-1,1,1,-1
4786.png,1,-1,1,1,1
4787.png,1,-1,1,1,-1
4788.png,0,-1,-1,-1,1
4789.png,1,-1,1,1,-1
4790.png,1,1,1,1,-1
4791.png,2,1,1,1,-1
4792.png,3,-1,1,1,-1
4793.png,3,-1,-1,1,1
4794.png,-1,-1,-1,-1,1
4795.png,1,-1,-1,1,1
4796.png,1,-1,1,1,-1
4797.png,3,-1,1,1,1
4798.png,5,-1,1,-1,-1
4799.png,4,-1,1,1,1
4800.png,-1,-1,-1,1,1
4801.png,4,-1,-1,1,1
4802.png,3,1,1,1,-1
4803.png,4,-1,1,1,1
4805.png,1,1,1,1,-1
4806.png,3,-1,1,1,1
4807.png,5,1,1,-1,1
4808.png,0,1,-1,-1,1
4809.png,5,1,1,-1,-1
4810.png,5,1,1,-1,1
4811.png,4,-1,-1,1,1
4812.png,3,-1,1,1,1
4813.png,5,-1,1,-1,-1
4814.png,5,1,1,-1,-1
4815.png,-1,-1,1,-1,1
4816.png,0,-1,-1,-1,1
4817.png,3,-1,1,1,-1
4818.png,5,1,-1,-1,1
4819.png,3,1,1,1,-1
4820.png,3,-1,1,1,-1
4821.png,2,1,1,1,-1
4822.png,4,1,1,1,-1
4823.png,3,-1,-1,1,1
4824.png,5,1,1,-1,-1
4825.png,3,1,1,1,-1
4826.png,5,-1,1,-1,1
4827.png,1,-1,1,1,-1
4828.png,-1,-1,-1,1,1
4829.png,2,-1,1,1,-1
4830.png,-1,-1,-1,1,1
4831.png,2,-1,1,1,-1
4832.png,2,-1,1,1,-1
4834.png,4,-1,1,-1,1
4835.png,4,-1,1,1,-1
4836.png,4,1,1,1,-1
4837.png,4,-1,-1,1,1
4838.png,2,1,1,1,-1
4839.png,3,1,1,1,-1
4840.png,3,1,1,1,-1
4841.png,1,-1,1,1,-1
4842.png,3,1,1,1,-1
4843.png,5,-1,1,-1,-1
4844.png,2,-1,1,1,-1
4845.png,-1,-1,1,-1,1
4846.png,5,-1,1,-1,-1
4847.png,3,-1,1,1,-1
4848.png,4,-1,-1,1,1
4849.png,-1,-1,1,-1,1
4850.png,-1,-1,-1,-1,1
4851.png,1,-1,1,1,-1
4852.png,4,1,1,1,-1
4853.png,4,-1,1,1,-1
4854.png,1,-1,1,1,-1
4855.png,5,-1,1,-1,-1
4856.png,-1,-1,1,1,1
4858.png,-1,-1,1,1,1
4859.png,5,-1,1,-1,-1
4860.png,2,-1,1,1,-1
4861.png,-1,-1,1,1,1
4862.png,4,1,1,1,-1
4863.png,-1,-1,1,1,1
4864.png,4,-1,1,1,-1
4865.png,5,1,1,-1,-1
4866.png,-1,-1,-1,1,1
4867.png,4,-1,1,1,1
4868.png,1,-1,1,1,-1
4869.png,3,1,1,1,-1
4870.png,5,-1,1,-1,-1
4871.png,2,1,1,1,-1
4872.png,3,-1,1,1,-1
4873.png,-1,-1,-1,-1,1
4874.png,4,-1,-1,1,1
4876.png,-1,-1,-1,-1,1
4877.png,4,-1,1,1,-1
4878.png,3,-1,1,1,1
4879.png,0,-1,1,-1,1
4880.png,4,-1,1,1,-1
4881.png,4,-1,1,1,-1
4882.png,5,-1,1,-1,-1
4883.png,2,1,1,1,-1
4884.png,1,-1,1,1,-1
4885.png,4,1,1,1,-1
4886.png,2,-1,1,1,-1
4887.png,4,-1,1,1,-1
4888.png,5,-1,1,-1,-1
4889.png,5,-1,1,-1,-1
4890.png,3,-1,1,1,-1
4891.png,-1,1,-1,1,1
4892.png,1,-1,-1,-1,1
4893.png,1,-1,1,1,-1
4894.png,1,1,1,1,-1
4895.png,-1,-1,-1,1,1
4896.png,-1,-1,1,1,1
4897.png,-1,-1,-1,1,1
4898.png,1,-1,1,1,-1
4899.png,4,-1,1,1,1
4900.png,5,1,-1,-1,1
4901.png,2,-1,1,1,-1
4902.png,4,-1,1,1,1
4903.png,5,1,1,-1,-1
4904.png,5,1,1,-1,-1
4905.png,1,-1,1,1,-1
4906.png,1,-1,1,1,-1
4907.png,-1,-1,-1,1,1
4908.png,-1,-1,1,-1,1
4909.png,2,1,1,1,-1
4910.png,4,-1,-1,-1,1
4911.png,-1,-1,1,1,1
4913.png,-1,-1,1,-1,1
4914.png,5,-1,1,-1,-1
4915.png,1,-1,-1,1,1
4916.png,3,-1,1,1,1
4917.png,3,-1,-1,1,1
4918.png,5,-1,1,-1,-1
4919.png,-1,-1,1,1,1
4920.png,3,-1,1,1,1
4921.png,5,1,1,-1,-1
4922.png,5,-1,1,-1,-1
4923.png,3,-1,-1,1,1
4924.png,3,1,1,1,-1
4925.png,3,-1,1,1,1
4926.png,3,-1,-1,1,1
4927.png,1,-1,1,-1,1
4928.png,-1,-1,-1,-1,1
4929.png,3,-1,1,-1,1
4930.png,-1,-1,1,1,1
4931.png,-1,-1,1,-1,1
4932.png,-1,-1,1,1,1
4933.png,1,1,1,1,-1
4934.png,1,-1,1,1,1
4935.png,1,-1,1,1,1
4936.png,4,-1,1,1,1
4937.png,1,-1,-1,1,1
4938.png,4,1,1,1,-1
4939.png,2,1,1,1,-1
4940.png,-1,-1,1,1,1
4941.png,1,-1,1,1,1
4942.png,5,-1,-1,-1,1
4943.png,1,1,1,1,-1
4944.png,1,1,1,1,-1
4945.png,1,-1,1,1,1
4946.png,5,1,1,-1,-1
4947.png,5,-1,1,-1,-1
4948.png,1,1,1,1,-1
4949.png,3,1,1,1,-1
4950.png,2,1,1,1,-1
4951.png,1,-1,1,1,-1
4952.png,3,1,1,1,-1
4953.png,-1,-1,-1,1,1
4954.png,3,-1,1,1,-1
4955.png,2,1,1,1,-1
4956.png,4,-1,1,1,-1
4957.png,1,1,1,1,-1
4958.png,5,-1,1,-1,-1
4959.png,3,-1,1,1,-1
4961.png,3,-1,1,1,1
4962.png,4,-1,-1,1,1
4963.png,3,1,1,1,-1
4964.png,5,1,1,-1,-1
4965.png,3,1,1,1,-1
4966.png,4,-1,1,1,-1
4967.png,-1,-1,-1,-1,1
4968.png,3,-1,-1,1,1
4969.png,1,1,1,1,-1
4970.png,5,-1,1,-1,-1
4971.png,3,-1,1,1,-1
4972.png,3,-1,1,1,-1
4973.png,3,-1,1,1,1
4974.png,3,-1,1,1,-1
4975.png,1,1,1,1,-1
4977.png,1,-1,1,1,-1
4978.png,1,1,1,1,-1
4979.png,1,-1,1,1,-1
4980.png,-1,-1,1,1,1
4981.png,3,-1,1,-1,1
4982.png,-1,1,1,1,1
4983.png,-1,-1,1,1,1
4984.png,3,-1,1,1,-1
4985.png,4,-1,1,1,1
4986.png,-1,-1,1,1,1
4987.png,3,1,1,1,-1
4988.png,1,-1,1,1,-1
4989.png,1,1,1,1,-1
4990.png,-1,1,1,-1,1
4991.png,-1,-1,-1,1,1
4992.png,-1,-1,-1,1,1
4993.png,3,-1,-1,1,1
4994.png,-1,-1,1,1,1
4995.png,5,1,1,-1,-1
4996.png,3,1,1,1,-1
4997.png,4,-1,1,1,1
4998.png,4,-1,1,1,1
4999.png,2,1,1,1,-1
